event_date,event_date_raw,D_policy,S_policy,S_policy_available,interbank_date_used,D_RRR,D_RateAdj,D_SLF
1999-11-18,1999-11-18,1,0.0,0,2004-05-24,1,0,0
2003-08-23,2003-08-23,1,0.0,0,2004-05-24,1,0,0
2004-04-12,2004-04-12,1,0.0,0,2004-05-24,1,0,0
2005-03-16,2005-03-16,1,0.03299999999999992,1,2005-03-16,0,1,0
2005-05-19,2005-05-19,1,-0.15389999999999993,1,2005-05-19,0,1,0
2005-07-21,2005-07-21,1,0.3004,1,2005-07-21,0,1,0
2005-08-22,2005-08-22,1,-0.18840000000000012,1,2005-08-22,0,1,0
2005-10-14,2005-10-14,1,-0.22809999999999997,1,2005-10-14,0,1,0
2005-12-27,2005-12-27,1,0.19009999999999994,1,2005-12-27,0,1,0
2006-04-27,2006-04-27,1,0.2370000000000001,1,2006-04-27,0,1,0
2006-06-16,2006-06-16,1,0.23130000000000006,1,2006-06-16,1,0,0
2006-07-21,2006-07-21,1,0.09050000000000002,1,2006-07-21,1,0,0
2006-08-18,2006-08-18,1,-0.015699999999999825,1,2006-08-18,0,1,0
2006-11-03,2006-11-03,1,-0.0015000000000000568,1,2006-11-03,1,0,0
2007-01-05,2007-01-05,1,-0.22289999999999988,1,2007-01-05,1,0,0
2007-02-16,2007-02-16,1,-1.6999000000000002,1,2007-02-16,1,0,0
2007-03-17,2007-03-17,1,-0.08909999999999996,1,2007-03-19,0,1,0
2007-04-05,2007-04-05,1,0.4148999999999998,1,2007-04-05,1,0,0
2007-04-29,2007-04-29,1,-0.16290000000000004,1,2007-04-29,1,0,0
2007-05-18,2007-05-18,1,-0.37819999999999965,1,2007-05-18,1,1,0
2007-07-20,2007-07-20,1,0.3984000000000001,1,2007-07-20,0,1,0
2007-07-30,2007-07-30,1,0.5394000000000001,1,2007-07-30,1,0,0
2007-08-21,2007-08-21,1,0.35840000000000005,1,2007-08-21,0,1,0
2007-09-06,2007-09-06,1,0.09520000000000017,1,2007-09-06,1,0,0
2007-09-14,2007-09-14,1,1.6280999999999999,1,2007-09-14,0,1,0
2007-10-13,2007-10-13,1,-0.010299999999999976,1,2007-10-15,1,0,0
2007-11-10,2007-11-10,1,-0.42689999999999984,1,2007-11-12,1,0,0
2007-12-08,2007-12-08,1,0.7645999999999997,1,2007-12-10,1,0,0
2007-12-20,2007-12-20,1,-1.2233,1,2007-12-20,0,1,0
2008-01-16,2008-01-16,1,0.5632999999999999,1,2008-01-16,1,0,0
2008-03-18,2008-03-18,1,-0.03670000000000018,1,2008-03-18,1,0,0
2008-04-16,2008-04-16,1,0.19600000000000017,1,2008-04-16,1,0,0
2008-05-12,2008-05-12,1,0.39239999999999986,1,2008-05-12,1,0,0
2008-06-07,2008-06-07,1,0.7881999999999998,1,2008-06-10,1,0,0
2008-09-15,2008-09-15,1,0.08789999999999987,1,2008-09-16,1,1,0
2008-10-08,2008-10-08,1,-0.3873000000000002,1,2008-10-08,1,1,0
2008-10-29,2008-10-29,1,0.033199999999999896,1,2008-10-29,0,1,0
2008-11-26,2008-11-26,1,-0.6557000000000002,1,2008-11-26,1,1,0
2008-12-22,2008-12-22,1,-0.06690000000000018,1,2008-12-22,1,1,0
2010-01-12,2010-01-12,1,0.010000000000000009,1,2010-01-12,1,0,0
2010-02-12,2010-02-12,1,-0.4483999999999999,1,2010-02-12,1,0,0
2010-05-02,2010-05-02,1,-0.0018000000000000238,1,2010-05-04,1,0,0
2010-10-19,2010-10-19,1,-0.031200000000000117,1,2010-10-19,0,1,0
2010-11-10,2010-11-10,1,-0.005900000000000016,1,2010-11-10,1,0,0
2010-11-19,2010-11-19,1,0.15349999999999997,1,2010-11-19,1,0,0
2010-12-10,2010-12-10,1,-0.07679999999999998,1,2010-12-10,1,0,0
2010-12-25,2010-12-25,1,0.5751,1,2010-12-27,0,1,0
2011-01-14,2011-01-14,1,0.3066,1,2011-01-14,1,0,0
2011-02-08,2011-02-08,1,0.6259999999999999,1,2011-02-09,0,1,0
2011-02-18,2011-02-18,1,3.155600000000001,1,2011-02-18,1,0,0
2011-03-18,2011-03-18,1,1.0518999999999998,1,2011-03-18,1,0,0
2011-04-05,2011-04-05,1,-0.18579999999999997,1,2011-04-06,0,1,0
2011-04-17,2011-04-17,1,0.3567999999999998,1,2011-04-18,1,0,0
2011-05-12,2011-05-12,1,0.8454999999999999,1,2011-05-12,1,0,0
2011-06-14,2011-06-14,1,1.701999999999999,1,2011-06-14,1,0,0
2011-07-06,2011-07-06,1,-1.054800000000001,1,2011-07-06,0,1,0
2011-11-30,2011-11-30,1,0.3221999999999996,1,2011-11-30,1,0,0
2012-02-18,2012-02-18,1,-0.22529999999999983,1,2012-02-20,1,0,0
2012-05-12,2012-05-12,1,-0.3187000000000002,1,2012-05-14,1,0,0
2012-06-07,2012-06-07,1,-0.14090000000000025,1,2012-06-07,0,1,0
2012-07-05,2012-07-05,1,-0.41610000000000014,1,2012-07-05,0,1,0
2013-07-20,2013-07-20,1,0.10389999999999988,1,2013-07-22,0,1,0
2013-12-08,2013-12-08,1,-0.07469999999999999,1,2013-12-09,0,1,0
2014-05-05,2014-05-05,1,-0.5226000000000002,1,2014-05-05,0,0,1
2014-08-01,2014-08-01,1,-0.10980000000000034,1,2014-08-01,0,0,1
2014-11-15,2014-11-15,1,0.35230000000000006,1,2014-11-17,0,0,1
2014-11-22,2014-11-22,1,-0.22709999999999964,1,2014-11-24,0,1,0
2015-02-04,2015-02-04,1,0.2452999999999994,1,2015-02-04,1,0,1
2015-03-01,2015-03-01,1,0.09750000000000014,1,2015-03-02,0,1,0
2015-04-10,2015-04-10,1,0.09220000000000006,1,2015-04-10,0,0,1
2015-04-19,2015-04-19,1,-0.21920000000000028,1,2015-04-20,1,0,0
2015-05-08,2015-05-08,1,-0.031099999999999905,1,2015-05-08,0,0,1
2015-05-11,2015-05-11,1,-0.21809999999999974,1,2015-05-11,0,1,0
2015-06-02,2015-06-02,1,0.12880000000000003,1,2015-06-02,0,0,1
2015-06-28,2015-06-28,1,-0.4203999999999999,1,2015-06-29,0,1,0
2015-07-01,2015-07-01,1,0.3077000000000001,1,2015-07-01,0,0,1
2015-08-03,2015-08-03,1,0.06240000000000023,1,2015-08-03,0,0,1
2015-08-25,2015-08-25,1,-0.03819999999999979,1,2015-08-25,1,1,0
2015-09-01,2015-09-01,1,-0.05349999999999966,1,2015-09-01,0,0,1
2015-10-08,2015-10-08,1,-0.029900000000000038,1,2015-10-08,0,0,1
2015-10-23,2015-10-23,1,0.006099999999999994,1,2015-10-23,1,1,0
2015-11-02,2015-11-02,1,0.0618000000000003,1,2015-11-02,0,0,1
2015-12-01,2015-12-01,1,0.07520000000000016,1,2015-12-01,0,0,1
2016-01-04,2016-01-04,1,0.12170000000000014,1,2016-01-04,0,0,1
2016-02-01,2016-02-01,1,0.24160000000000004,1,2016-02-01,0,0,1
2016-02-29,2016-02-29,1,0.06289999999999996,1,2016-02-29,1,0,0
2016-03-01,2016-03-01,1,-0.11149999999999993,1,2016-03-01,0,0,1
2016-04-01,2016-04-01,1,-0.09509999999999996,1,2016-04-01,0,0,1
2016-05-03,2016-05-03,1,0.04180000000000028,1,2016-05-03,0,0,1
2016-06-01,2016-06-01,1,-0.15249999999999986,1,2016-06-01,0,0,1
2016-07-01,2016-07-01,1,-0.08180000000000032,1,2016-07-01,0,0,1
2016-08-01,2016-08-01,1,-0.0596000000000001,1,2016-08-01,0,0,1
2016-09-01,2016-09-01,1,0.043299999999999894,1,2016-09-01,0,0,1
2016-10-08,2016-10-08,1,0.0005999999999999339,1,2016-10-08,0,0,1
2016-11-01,2016-11-01,1,-0.19989999999999997,1,2016-11-01,0,0,1
2016-12-01,2016-12-01,1,-0.2904,1,2016-12-01,0,0,1
2017-01-03,2017-01-03,1,-0.0913999999999997,1,2017-01-03,0,0,1
2017-02-03,2017-02-03,1,-0.009000000000000341,1,2017-02-03,0,0,1
2017-03-01,2017-03-01,1,0.023499999999999854,1,2017-03-01,0,0,1
2017-04-01,2017-04-01,1,-0.4811000000000001,1,2017-04-01,0,0,1
2017-05-02,2017-05-02,1,-0.0939000000000001,1,2017-05-02,0,0,1
2017-06-01,2017-06-01,1,0.041300000000000114,1,2017-06-01,0,0,1
2017-07-03,2017-07-03,1,-0.35749999999999993,1,2017-07-03,0,0,1
2017-08-01,2017-08-01,1,-0.17559999999999976,1,2017-08-01,0,0,1
2017-09-01,2017-09-01,1,-0.18159999999999998,1,2017-09-01,0,0,1
2017-10-09,2017-10-09,1,0.6114000000000002,1,2017-10-09,0,0,1
2017-11-01,2017-11-01,1,-0.34299999999999997,1,2017-11-01,0,0,1
2017-12-01,2017-12-01,1,-0.4190999999999998,1,2017-12-01,0,0,1
2018-01-02,2018-01-02,1,-0.8043999999999998,1,2018-01-02,0,0,1
2018-02-01,2018-02-01,1,0.09109999999999996,1,2018-02-01,0,0,1
2018-03-01,2018-03-01,1,-0.052000000000000046,1,2018-03-01,0,0,1
2018-04-02,2018-04-02,1,-0.7182,1,2018-04-02,0,0,1
2018-04-17,2018-04-17,1,0.31750000000000034,1,2018-04-17,1,0,0
2018-05-02,2018-05-02,1,0.16500000000000004,1,2018-05-02,0,0,1
2018-06-01,2018-06-01,1,-0.3227000000000002,1,2018-06-01,0,0,1
2018-06-24,2018-06-24,1,0.7573999999999996,1,2018-06-25,1,0,0
2018-07-02,2018-07-02,1,-0.714,1,2018-07-02,0,0,1
2018-08-01,2018-08-01,1,-0.5529999999999999,1,2018-08-01,0,0,1
2018-09-03,2018-09-03,1,-0.5817999999999999,1,2018-09-03,0,0,1
2018-10-07,2018-10-07,1,-0.24290000000000012,1,2018-10-08,1,0,0
2018-10-08,2018-10-08,1,-0.24290000000000012,1,2018-10-08,0,0,1
2018-11-01,2018-11-01,1,0.1860999999999997,1,2018-11-01,0,0,1
2018-12-03,2018-12-03,1,-0.38160000000000016,1,2018-12-03,0,0,1
2019-01-02,2019-01-02,1,-0.5434999999999999,1,2019-01-02,0,0,1
2019-01-04,2019-01-04,1,0.028500000000000192,1,2019-01-04,1,0,0
2019-02-01,2019-02-01,1,-1.5571000000000002,1,2019-02-01,0,0,1
2019-03-01,2019-03-01,1,-0.2088000000000001,1,2019-03-01,0,0,1
2019-04-01,2019-04-01,1,-0.9607000000000001,1,2019-04-01,0,0,1
2019-05-05,2019-05-05,1,0.11030000000000006,1,2019-05-05,0,0,1
2019-06-03,2019-06-03,1,-0.9590999999999998,1,2019-06-03,0,0,1
2019-07-01,2019-07-01,1,-0.9106000000000001,1,2019-07-01,0,0,1
2019-08-01,2019-08-01,1,-0.1640999999999999,1,2019-08-01,0,0,1
2019-08-20,2019-08-20,1,0.0484,1,2019-08-20,0,1,0
2019-09-02,2019-09-02,1,-0.8855999999999997,1,2019-09-02,0,0,1
2019-09-06,2019-09-06,1,-0.1634000000000002,1,2019-09-06,1,0,0
2019-09-20,2019-09-20,1,0.1397999999999997,1,2019-09-20,0,1,0
2019-10-08,2019-10-08,1,-0.5200999999999998,1,2019-10-08,0,0,1
2019-10-21,2019-10-21,1,0.2957000000000001,1,2019-10-21,0,1,0
2019-11-01,2019-11-01,1,0.4674999999999998,1,2019-11-01,0,0,1
2019-11-20,2019-11-20,1,-0.3592000000000004,1,2019-11-20,0,1,0
2019-12-02,2019-12-02,1,-0.4708000000000001,1,2019-12-02,0,0,1
2019-12-20,2019-12-20,1,0.33219999999999983,1,2019-12-20,0,1,0
2020-01-01,2020-01-01,1,-0.10799999999999965,1,2020-01-02,1,0,0
2020-01-02,2020-01-02,1,-0.10799999999999965,1,2020-01-02,0,0,1
2020-01-20,2020-01-20,1,0.6417999999999999,1,2020-01-20,0,1,0
2020-02-03,2020-02-03,1,-0.11169999999999991,1,2020-02-03,0,0,1
2020-02-20,2020-02-20,1,0.21479999999999988,1,2020-02-20,0,1,0
2020-03-02,2020-03-02,1,-0.4096000000000002,1,2020-03-02,0,0,1
2020-03-20,2020-03-20,1,0.1149,1,2020-03-20,0,1,0
2020-04-01,2020-04-01,1,-0.27380000000000004,1,2020-04-01,0,0,1
2020-04-03,2020-04-03,1,0.11719999999999997,1,2020-04-03,1,0,0
2020-04-20,2020-04-20,1,0.44700000000000006,1,2020-04-20,0,1,0
2020-05-06,2020-05-06,1,-0.25960000000000005,1,2020-05-06,0,0,1
2020-05-20,2020-05-20,1,0.034399999999999986,1,2020-05-20,0,1,0
2020-06-01,2020-06-01,1,-0.5507999999999997,1,2020-06-01,0,0,1
2020-06-22,2020-06-22,1,0.19600000000000017,1,2020-06-22,0,1,0
2020-07-01,2020-07-01,1,-0.4285000000000001,1,2020-07-01,0,0,1
2020-07-20,2020-07-20,1,-0.1979000000000002,1,2020-07-20,0,1,0
2020-08-03,2020-08-03,1,-0.18920000000000003,1,2020-08-03,0,0,1
2020-08-20,2020-08-20,1,-0.09550000000000036,1,2020-08-20,0,1,0
2020-08-31,2020-08-31,1,-0.014699999999999935,1,2020-08-31,0,1,0
2020-09-01,2020-09-01,1,-0.25349999999999984,1,2020-09-01,0,0,1
2020-09-21,2020-09-21,1,0.05610000000000026,1,2020-09-21,0,1,0
2020-10-09,2020-10-09,1,-0.6203000000000003,1,2020-10-09,0,0,1
2020-10-20,2020-10-20,1,0.024299999999999766,1,2020-10-20,0,1,0
2020-11-02,2020-11-02,1,-0.7391999999999999,1,2020-11-02,0,0,1
2020-11-20,2020-11-20,1,0.033800000000000274,1,2020-11-20,0,1,0
2020-12-01,2020-12-01,1,-0.3279000000000001,1,2020-12-01,0,0,1
2020-12-21,2020-12-21,1,-0.11249999999999982,1,2020-12-21,0,1,0
2021-01-04,2021-01-04,1,-0.4288000000000003,1,2021-01-04,0,0,1
2021-01-20,2021-01-20,1,-0.13569999999999993,1,2021-01-20,0,1,0
2021-02-20,2021-02-20,1,0.36719999999999997,1,2021-02-20,0,1,0
2021-03-22,2021-03-22,1,0.07520000000000016,1,2021-03-22,0,1,0
2021-04-20,2021-04-20,1,-0.1019000000000001,1,2021-04-20,0,1,0
2021-05-20,2021-05-20,1,0.12749999999999995,1,2021-05-20,0,1,0
2021-06-21,2021-06-21,1,0.2166999999999999,1,2021-06-21,0,1,0
2021-07-09,2021-07-09,1,-0.23950000000000005,1,2021-07-09,1,0,0
2021-07-20,2021-07-20,1,0.09880000000000022,1,2021-07-20,0,1,0
2021-08-20,2021-08-20,1,-0.17870000000000008,1,2021-08-20,0,1,0
2021-09-22,2021-09-22,1,0.20840000000000014,1,2021-09-22,0,1,0
2021-10-20,2021-10-20,1,-0.12440000000000007,1,2021-10-20,0,1,0
2021-11-22,2021-11-22,1,0.09289999999999976,1,2021-11-22,0,1,0
2021-12-06,2021-12-06,1,0.07500000000000018,1,2021-12-06,1,0,0
2021-12-20,2021-12-20,1,0.05439999999999978,1,2021-12-20,0,1,0
2022-01-19,2022-01-19,1,0.1554000000000002,1,2022-01-19,0,1,0
2022-02-07,2022-02-07,1,-0.008799999999999919,1,2022-02-07,0,0,1
2022-02-21,2022-02-21,1,0.06709999999999994,1,2022-02-21,0,1,0
2022-03-01,2022-03-01,1,-0.3969999999999998,1,2022-03-01,0,0,1
2022-03-21,2022-03-21,1,-0.04530000000000012,1,2022-03-21,0,1,0
2022-04-01,2022-04-01,1,-0.8926999999999998,1,2022-04-01,0,0,1
2022-04-15,2022-04-15,1,-0.2671999999999999,1,2022-04-15,1,0,0
2022-04-20,2022-04-20,1,0.04080000000000039,1,2022-04-20,0,1,0
2022-05-05,2022-05-05,1,-0.11060000000000025,1,2022-05-05,0,0,1
2022-05-20,2022-05-20,1,-0.2765000000000002,1,2022-05-20,0,1,0
2022-06-01,2022-06-01,1,-0.11919999999999975,1,2022-06-01,0,0,1
2022-06-20,2022-06-20,1,0.19690000000000007,1,2022-06-20,0,1,0
2022-07-01,2022-07-01,1,-1.1663000000000001,1,2022-07-01,0,0,1
2022-07-20,2022-07-20,1,0.19819999999999993,1,2022-07-20,0,1,0
2022-08-01,2022-08-01,1,0.04820000000000002,1,2022-08-01,0,0,1
2022-08-22,2022-08-22,1,0.06869999999999998,1,2022-08-22,0,1,0
2022-09-01,2022-09-01,1,-0.2773000000000001,1,2022-09-01,0,0,1
2022-09-20,2022-09-20,1,0.07050000000000001,1,2022-09-20,0,1,0
2022-09-29,2022-09-29,1,-0.031099999999999905,1,2022-09-29,0,1,0
2022-10-08,2022-10-08,1,-0.3167000000000002,1,2022-10-08,0,0,1
2022-10-20,2022-10-20,1,0.08479999999999999,1,2022-10-20,0,1,0
2022-11-01,2022-11-01,1,-0.11929999999999996,1,2022-11-01,0,0,1
2022-11-21,2022-11-21,1,-0.01309999999999989,1,2022-11-21,0,1,0
2022-11-25,2022-11-25,1,-0.02190000000000003,1,2022-11-25,1,0,0
2022-12-01,2022-12-01,1,-0.20510000000000006,1,2022-12-01,0,0,1
2022-12-20,2022-12-20,1,-0.10850000000000004,1,2022-12-20,0,1,0
2023-01-03,2023-01-03,1,-0.5778000000000003,1,2023-01-03,0,0,1
2023-01-20,2023-01-20,1,-0.6122999999999998,1,2023-01-20,0,1,0
2023-02-01,2023-02-01,1,-0.28649999999999975,1,2023-02-01,0,0,1
2023-02-20,2023-02-20,1,-0.04260000000000019,1,2023-02-20,0,1,0
2023-03-01,2023-03-01,1,-0.4998999999999998,1,2023-03-01,0,0,1
2023-03-17,2023-03-17,1,-0.17690000000000028,1,2023-03-17,1,0,0
2023-03-20,2023-03-20,1,0.19840000000000035,1,2023-03-20,0,1,0
2023-04-03,2023-04-03,1,-0.5251999999999999,1,2023-04-03,0,0,1
2023-04-20,2023-04-20,1,0.13140000000000018,1,2023-04-20,0,1,0
2023-05-04,2023-05-04,1,-0.4304000000000001,1,2023-05-04,0,0,1
2023-05-22,2023-05-22,1,0.11289999999999978,1,2023-05-22,0,1,0
2023-06-01,2023-06-01,1,-0.25639999999999974,1,2023-06-01,0,0,1
2023-06-20,2023-06-20,1,-0.021500000000000075,1,2023-06-20,0,1,0
2023-07-03,2023-07-03,1,-0.46579999999999977,1,2023-07-03,0,0,1
2023-07-20,2023-07-20,1,-0.04830000000000023,1,2023-07-20,0,1,0
2023-08-01,2023-08-01,1,-0.032299999999999995,1,2023-08-01,0,0,1
2023-08-21,2023-08-21,1,-0.11609999999999987,1,2023-08-21,0,1,0
2023-09-01,2023-09-01,1,-0.6214000000000002,1,2023-09-01,0,0,1
2023-09-14,2023-09-14,1,0.08349999999999991,1,2023-09-14,1,0,0
2023-09-20,2023-09-20,1,0.19689999999999985,1,2023-09-20,0,1,0
2023-10-07,2023-10-07,1,-0.7373000000000001,1,2023-10-07,0,0,1
2023-10-20,2023-10-20,1,-0.1097999999999999,1,2023-10-20,0,1,0
2023-11-01,2023-11-01,1,-0.1955,1,2023-11-01,0,0,1
2023-11-20,2023-11-20,1,-0.02169999999999961,1,2023-11-20,0,1,0
2023-12-01,2023-12-01,1,-0.7795999999999998,1,2023-12-01,0,0,1
2023-12-20,2023-12-20,1,0.1735000000000002,1,2023-12-20,0,1,0
2024-01-02,2024-01-02,1,-0.2769999999999999,1,2024-01-02,0,0,1
2024-01-19,2024-01-19,1,-0.2515999999999998,1,2024-01-19,0,1,0
2024-01-22,2024-01-22,1,0.09260000000000002,1,2024-01-22,0,1,0
2024-01-24,2024-01-24,1,0.18290000000000006,1,2024-01-24,1,0,0
2024-02-01,2024-02-01,1,0.05390000000000006,1,2024-02-01,0,0,1
2024-02-20,2024-02-20,1,-0.07299999999999995,1,2024-02-20,0,1,0
2024-03-01,2024-03-01,1,-0.35970000000000013,1,2024-03-01,0,0,1
2024-03-20,2024-03-20,1,0.09310000000000018,1,2024-03-20,0,1,0
2024-04-01,2024-04-01,1,-0.009599999999999831,1,2024-04-01,0,0,1
2024-04-22,2024-04-22,1,0.11969999999999992,1,2024-04-22,0,1,0
2024-05-06,2024-05-06,1,-0.13249999999999984,1,2024-05-06,0,0,1
2024-05-20,2024-05-20,1,0.16899999999999982,1,2024-05-20,0,1,0
2024-06-03,2024-06-03,1,0.15379999999999994,1,2024-06-03,0,0,1
2024-06-20,2024-06-20,1,0.0795999999999999,1,2024-06-20,0,1,0
2024-07-01,2024-07-01,1,-0.07979999999999987,1,2024-07-01,0,0,1
2024-07-22,2024-07-22,1,-0.02839999999999998,1,2024-07-22,0,1,0
2024-08-01,2024-08-01,1,0.06129999999999991,1,2024-08-01,0,0,1
2024-08-20,2024-08-20,1,0.05249999999999999,1,2024-08-20,0,1,0
2024-09-02,2024-09-02,1,0.17100000000000004,1,2024-09-02,0,0,1
2024-09-20,2024-09-20,1,0.0002999999999997449,1,2024-09-20,0,1,0
2024-09-27,2024-09-27,1,-0.07760000000000011,1,2024-09-27,1,0,0
2024-10-08,2024-10-08,1,0.5219,1,2024-10-08,0,0,1
2024-10-21,2024-10-21,1,0.08319999999999994,1,2024-10-21,0,1,0
2024-11-01,2024-11-01,1,-0.013900000000000023,1,2024-11-01,0,0,1
2024-11-20,2024-11-20,1,-0.09199999999999986,1,2024-11-20,0,1,0
2024-12-02,2024-12-02,1,0.12670000000000003,1,2024-12-02,0,0,1
2024-12-20,2024-12-20,1,-0.1634,1,2024-12-20,0,1,0
2025-01-02,2025-01-02,1,-0.16710000000000003,1,2025-01-02,0,0,1
2025-01-20,2025-01-20,1,-0.1379999999999999,1,2025-01-20,0,1,0
2025-02-05,2025-02-05,1,-0.02970000000000006,1,2025-02-05,0,0,1
2025-02-20,2025-02-20,1,0.13930000000000042,1,2025-02-20,0,1,0
2025-03-03,2025-03-03,1,0.1652,1,2025-03-03,0,0,1
2025-03-20,2025-03-20,1,-0.10840000000000005,1,2025-03-20,0,1,0
2025-04-01,2025-04-01,1,-0.2522,1,2025-04-01,0,0,1
2025-04-21,2025-04-21,1,0.03620000000000001,1,2025-04-21,0,1,0
2025-05-06,2025-05-06,1,-0.007699999999999818,1,2025-05-06,0,0,1
2025-05-07,2025-05-07,1,-0.10770000000000013,1,2025-05-07,1,0,0
2025-05-20,2025-05-20,1,-0.01990000000000003,1,2025-05-20,0,1,0
2025-06-03,2025-06-03,1,0.0129999999999999,1,2025-06-03,0,0,1
2025-06-20,2025-06-20,1,-0.018000000000000016,1,2025-06-20,0,1,0
2025-07-21,2025-07-21,1,-0.009199999999999875,1,2025-07-21,0,1,0
2025-08-20,2025-08-20,1,-0.027099999999999902,1,2025-08-20,0,1,0
2025-09-22,2025-09-22,1,-0.0233000000000001,1,2025-09-22,0,1,0
2025-10-20,2025-10-20,1,0.005600000000000049,1,2025-10-20,0,1,0
2025-11-20,2025-11-20,1,-0.05469999999999997,1,2025-11-20,0,1,0
2025-12-22,2025-12-22,1,-0.02410000000000001,1,2025-12-22,0,1,0
