year,quarter,tone_all,tone_real,tone_guid,tone_macro,tone_policy,tone_risk,tone_p90_macro,tone_p90_policy,tone_p90_risk,tone_std_macro,tone_std_policy,tone_std_risk,n_macro,n_policy,n_risk,tone_all_z,tone_real_z,tone_guid_z,tone_policy_z,tone_macro_z,tone_risk_z,tone_p90_policy_z,tone_p90_macro_z,tone_p90_risk_z,tone_std_policy_z,tone_std_macro_z,tone_std_risk_z,tone_all_z_exp,tone_all_z_exp_avail,tone_real_z_exp,tone_real_z_exp_avail,tone_guid_z_exp,tone_guid_z_exp_avail,tone_policy_z_exp,tone_policy_z_exp_avail,tone_macro_z_exp,tone_macro_z_exp_avail,tone_risk_z_exp,tone_risk_z_exp_avail,report_date,tone_all_z_full,tone_real_z_full,tone_guid_z_full,similarity_prev,surprise_prev,avg_sent_len,avg_sent_len_rows,prev_quarter_available
2001,1,0.5457648822445426,0.5436397300236485,0.5662371819724892,0.5338747116098006,0.6126221369887367,0.0010098218917846,0.9999331108032492,0.9999349105382862,0.0028011322021484,0.4869288189341604,0.4823022420321673,0.0019834345025847,232,82,5,-0.888145426578716,-0.7259532660596135,-1.1649927587153397,-0.6147389723833644,-0.6254370105039746,-0.9146272507876744,-0.1056352310177174,0.0173652907344912,-1.1388276863085658,0.9917524375040384,0.7543062353627616,-1.5273700823601275,0.0,0,0.0,0,0.0,0,0.0,0,0.0,0,0.0,0,2001-05-14,-0.241257418849297,-0.1574324392169824,-0.4373841282734104,,,20.481622306717362,50.658307210031346,0
2001,2,0.543199800374407,0.5173376960461673,0.6549436096417062,0.594109251189485,0.4780593102757809,0.0001391470432281,0.9999363662020186,0.9999162242369494,0.0001966059207916,0.4798724515223572,0.4941248012003362,5.483209746986211e-05,183,93,6,-0.9370942909592166,-1.2081249985897444,-0.1146059245888469,-2.5022914070631126,0.3181528981450772,-0.9187757814293928,-1.5384478583102508,0.5651859888365411,-1.1447224354121104,1.4757838273199222,0.1343920875610097,-1.536790758830208,0.0,0,0.0,0,0.0,0,0.0,0,0.0,0,0.0,0,2001-07-16,-0.8547739344436722,-0.9831357727924492,-0.5872577872747148,0.24160913635319586,0.7583908636468042,21.055619930475086,64.43617021276596,1
2001,3,0.4491973995103995,0.4474835185484996,0.4676216198508233,0.4526757566945453,0.4423281795367362,0.3333545401643884,0.9999239643206238,0.9998693299348816,0.7998869120958262,0.4904419381236632,0.4863586561993295,0.5771813499672056,250,76,3,-2.730920376943176,-2.488699338101081,-2.3327152204837676,-3.003502510217285,-1.897440000574571,0.6689056256390757,-5.134170036795021,-1.5218109675755358,0.6651935363256556,1.1578274606078969,1.0629398653015452,1.282308809196672,0.0,0,0.0,0,0.0,0,0.0,0,0.0,0,0.0,0,2001-10-29,-2.633670733462475,-2.372013225413283,-2.4791248090897637,0.2710239692693075,0.7289760307306925,19.993650793650794,57.42857142857143,1
2001,4,0.5794122943092428,0.5844622483481279,0.5626592721802433,0.5230077492401175,0.6552154101994954,0.00012469291687,0.999931662750896,0.9999347108467193,0.00012469291687,0.4911359020556866,0.4619067191766702,,151,120,1,-0.2460596401227982,0.0224095565118066,-1.207359354217094,-0.0172705740607941,-0.7956708348388809,-0.9188446514400463,-0.1209470144300537,-0.2263139348393561,-1.1448851940367537,0.1567324445106865,1.1239058034988425,0.0,0.0,0,0.0,0,0.0,0,0.0,0,0.0,0,0.0,0,2002-03-06,-0.0870513320239679,0.1357918209203428,-1.2306867359290614,0.1370629802529492,0.8629370197470508,21.533045977011493,55.099264705882355,1
2002,1,0.5879687235818892,0.570388489606075,0.6419013057788785,0.5392351251806996,0.6675185344676533,0.12509821639469,0.9999281760799932,0.9999383406873676,0.300090969467419,0.4967013280194873,0.4613604517249757,0.3533700343970866,115,117,8,-0.0827792782269904,-0.2355921114077385,-0.269041906559354,0.1553089765759279,-0.5414647217311112,-0.3233795447922784,0.1573788790938251,-0.8130532633867211,-0.4659801845358447,0.1343675241838953,1.612838152419941,0.1890539274557115,0.0,0,0.0,0,0.0,0,0.0,0,0.0,0,0.0,0,2002-05-20,0.2226583217689405,0.3070237358714425,-0.7533538600217843,0.13970663170560643,0.8602933682943936,18.78921568627451,47.9125,1
2002,2,0.5606208591303298,0.5639590406595132,0.5448042371230085,0.4872638331773853,0.6659022253560214,0.2002108914864947,0.9999107296665898,0.999940160621918,0.6002742955723079,0.4958488568313418,0.4685723317914742,0.447054613992366,129,107,5,-0.6046522537920677,-0.3534574651074536,-1.4187836471321678,0.1326365322361262,-1.355608683251825,0.0345120776846907,0.2969263025056768,-3.74894746475737,0.2134160669521493,0.429631542922857,1.537947076136014,0.6466765625110013,0.0,0,0.0,0,0.0,0,0.0,0,0.0,0,0.0,0,2002-08-02,-0.5741925331600884,-0.2102222598672701,-1.9875295778957287,0.26675051677648715,0.7332494832235128,17.380681818181817,50.77178423236514,1
2002,3,0.5870746575453939,0.5608948231659946,0.676658778312401,0.6068704787124659,0.6917415918396728,0.1654924288586092,0.999937853190204,0.9999337351393478,0.716470608487725,0.4762744033459781,0.4611061692978703,0.3472447591100968,256,12,15,-0.09984053372809,-0.4096310317207413,0.1425268207133202,0.4950929424365411,0.5180608844380543,-0.1309120255657028,-0.1957614903930398,0.8154173624513625,0.4763998257631776,0.1239568614122516,-0.1817027015621743,0.159133692670215,0.0,0,0.0,0,0.0,0,0.0,0,0.0,0,0.0,0,2002-10-24,0.0901899525542617,0.1235187239601602,-0.6649354833675529,0.23924269489640132,0.7607573051035987,20.917737789203084,57.50530035335689,1
2002,4,0.6112083443636653,0.5799096003791349,0.7666924273835908,0.5796536563977533,0.7032468983271905,0.4494480708774063,0.9999389252036052,0.9999275522102836,0.999893026337668,0.4872233461770867,0.4288190990861212,0.4968805899661854,255,105,10,0.3606970330539776,-0.0610500786133154,1.2086294932884278,0.6564812678956689,0.0917022028433694,1.222059963641013,-0.6698509678814308,0.9958164998635104,1.1178615977192683,-1.1979189901168084,0.7801809658221766,0.8900623418766558,0.0,0,0.0,0,0.0,0,0.0,0,0.0,0,0.0,0,2003-02-20,0.3786189710771921,0.009599890823848,1.1006597559265328,0.159516247393569,0.840483752606431,21.180041152263374,55.64054054054054,1
2003,1,0.6294814694376402,0.6619939309659529,0.4940937565063077,0.6519983131686294,0.8160859990249654,0.1210480219627865,0.9999386099225376,0.9999412981578644,0.4377383502549486,0.4654175236598762,0.376511296593448,0.3169221092066501,313,14,19,0.7093988548038759,1.4437287505262064,-2.0192544652180313,2.2393085943719457,1.2250002831478068,-0.3426776280360117,0.3841493349569441,0.9427607893829216,-0.1544468434017946,-3.339470407081702,-1.1354984615644237,0.0110161368182216,1.438965259996514,1,2.566056344130363,1,-1.246609388338726,1,2.026449421714782,1,2.1187741017972233,1,-0.2306765891002032,1,2003-05-14,0.5914697583822535,1.3273146400686828,-2.468599257532155,0.19328889177490233,0.8067111082250977,20.140860215053763,54.13583815028902,1
2003,2,0.5116803196132399,0.4972235216366026,0.6204677243874357,0.5467856647080268,0.459126996841488,0.0685746178385757,0.9999327572135372,0.999915701813734,0.0049879550933837,0.481070882133294,0.505189397830828,0.2297850562966169,298,22,21,-1.5385732562448764,-1.5768602200473891,-0.5228403323701906,-2.7678605481844554,-0.4231835336858939,-0.5926992351209723,-1.5785057898621837,-0.042137024247966,-1.1338783132229526,1.9287832167607928,0.2396763007435234,-0.4146236849742949,-1.0408672405380452,1,-1.0764748901365817,1,0.2431458311108341,1,-1.5500514210453662,1,-0.0850820318967102,1,-0.5550902737664849,1,2003-08-05,-1.3759822581991417,-1.3711413593283357,-0.6015383608651961,0.443991820299605,0.5560081797003951,19.786988457502623,55.2991202346041,1
2003,3,0.5868418184481925,0.5704822198180232,0.6721634174578447,0.6497323672541543,0.4798340217190167,0.1053828265509297,0.9999399532243842,0.9999102220099304,0.3585206389427173,0.4678977310727825,0.4985642674852587,0.3051446617437192,336,31,37,-0.1042837483966288,-0.2338738390214986,0.089296542137779,-2.4773970065264805,1.189503644286398,-0.4173180558401853,-1.9986816151027145,1.1688125291341662,-0.3337380012930306,1.657541516612555,-0.9176079273822708,-0.0465133580623131,0.5043652343048457,1,0.3091336279236144,1,0.8046505022591836,1,-1.1429951424774296,1,1.6739960957328397,1,-0.2747119471736213,1,2003-10-27,0.503998805571834,0.4593448573593755,0.0476508623543023,0.32158958018772443,0.6784104198122756,19.2842287694974,55.084158415841586,1
2003,4,0.6255201679180555,0.6008372690107412,0.7256042511586726,0.6666082780835041,0.6111010755812458,0.113434686443652,0.999938000991824,0.9998893402080284,0.4834820270538341,0.4594828602608524,0.475612454632336,0.3100665274261517,320,24,25,0.6338062536046913,0.3225982069359084,0.7220979027495814,-0.6360753491015145,1.4538692270392954,-0.3789531168010481,-3.5998390034091705,0.8402895186683627,-0.0509165009617155,0.7178635910492591,-1.6568689612555572,-0.0224714383278887,1.2498005124383025,1,0.8493096477940978,1,1.3522755636771293,1,0.0372562018326006,1,1.6839290229857236,1,-0.2056896111167469,1,2004-02-26,1.2245406541358614,0.9817583615250284,0.8177509275345413,0.31861890203991694,0.6813810979600831,20.607244995233557,58.582655826558266,1
2004,1,0.5626054045529666,0.5744965587763249,0.5059659594364444,0.6027063032907762,0.49646609663734,0.1382160184850149,0.999933615160262,0.999862443524762,0.5784110847976993,0.4786677488466751,0.4826165097009982,0.3321896644595332,330,91,17,-0.5667816322417084,-0.1602825429207967,-1.8786738333793191,-2.24409398909786,0.4528279809715516,-0.2608767585754367,-5.662200447854062,0.1022388286242799,0.16393369350223,1.004618976326528,0.0285568625838156,0.0855938196755257,-0.1089168312930198,1,0.3020548351898259,1,-1.2112631153502804,1,-0.9411592648551388,1,0.4949753513781368,1,-0.0151508107596284,1,2004-05-11,-0.3613537901206885,-0.1226924799753637,-1.426400964751534,0.2583528973411782,0.7416471026588218,20.911338448422846,56.00228310502283,1
2004,2,0.5727799449379924,0.5427511909101205,0.709374155333069,0.6034415181824386,0.6977903075391753,0.1987395199333749,0.9999268578067132,0.999923301274248,0.999770522597828,0.4721506409965638,0.4437467860396223,0.3992434344324436,386,28,41,-0.3726232300328037,-0.7422420612211362,0.5299147721719843,0.579940060501595,0.4643453156652681,0.0275013893851606,-0.995800695431042,-1.0348931790964615,1.1175843385432829,-0.5867595144007981,-0.5439823949775243,0.4131324929337729,0.103158910960384,1,-0.3227764604614023,1,1.1017686391336745,1,0.8535311763495778,1,0.4836543298790325,1,0.4502098514817997,1,2004-08-09,-0.1552379557382124,-0.6392614589957585,1.0378009526573262,0.217299398760567,0.782700601239433,19.898538961038962,53.879120879120876,1
2004,3,0.6283635870272678,0.6401951131660653,0.5552053170690366,0.6768932823653202,0.6185416976563367,0.0921760095989157,0.9999359850626206,0.9999240888981148,0.0202348530292511,0.4574544567524091,0.4664756107327724,0.2935007203778856,271,138,22,0.6880665631777333,1.044110464173165,-1.2956228151263458,-0.5317035500211562,1.6149865248298003,-0.4802449738461766,-0.935407929528646,0.5010475941560283,-1.0993704495155965,0.3437889775642396,-1.8350677367659447,-0.1033907134742868,1.2825379668801256,1,1.6395455592820871,1,-0.6440394942800032,1,0.1133981255610361,1,1.6245903148452123,1,-0.4134671375909525,1,2004-11-16,0.6025071425833242,0.7789803673278578,-0.7529850375981226,0.32382462240761534,0.6761753775923847,19.670802315963606,55.17865429234339,1
2004,4,0.6278457314933471,0.6175184068371016,0.7074600161160395,0.6497578946269188,0.6153501597300574,0.3108535050702742,0.9999404326677904,0.9999323102660128,0.9999223754712148,0.4653245093426986,0.4743806272366196,0.4782409403104057,289,177,13,0.6781844457320099,0.6283986303250785,0.5072491470861628,-0.5764721932659354,1.189903537296339,0.5616942668717141,-0.3050167394582045,1.249493588535682,1.1179280227655055,0.6674309293995545,-1.1436699310757863,0.7990129330109182,1.1639733102412957,1,1.0226860765011097,1,1.0639500576697758,1,0.0809919290884862,1,1.0345333571008788,1,1.3909515862654238,1,2005-02-28,0.6449179021168912,0.3283375454952345,1.0977875679192504,0.2710736369899497,0.7289263630100503,22.07807807807808,61.39457202505219,1
2005,1,0.5739065500457247,0.5726598076887742,0.585291276305246,0.5578603329878578,0.6445322576398315,0.0005145519971847,0.999937494275946,0.9999411459604745,0.0009737193584442,0.4871180683303959,0.4719683728279044,0.0004832988543305,284,97,4,-0.3511244851892918,-0.1939540625785215,-0.9393702153528212,-0.167126304031925,-0.2496959416265243,-0.916987078152706,0.3724792704355152,0.7550190293137568,-1.14296361701479,0.5686700065374726,0.7709321239174138,-1.534697820086658,-0.0350095793449369,1,0.1058235140172291,1,-0.348786730186692,1,0.3510100737064175,1,-0.4125795081646666,1,-1.2026518095382366,1,2005-05-26,-0.13524907539614,-0.0474959255662154,-0.459356622125204,0.1686827235651605,0.8313172764348395,19.293072824156305,56.42597402597403,1
2005,2,0.6065951584350376,0.5875917113676857,0.7813442477717731,0.5744576419016084,0.7160640965926409,0.2138252220271776,0.9999331062354032,0.9999403316200188,0.9159504737704992,0.477645751576786,0.4303238750549584,0.3951647965122398,320,137,12,0.2726646723673794,0.0797792111674534,1.3821240148931293,0.8362718860233033,0.010305268825629,0.0993806879450431,0.3100379522366628,0.0165966104964606,0.9278768430878904,-1.1363114487040429,-0.0612273747787791,0.3932095019725784,0.6647875393299284,1,0.3961675806128263,1,1.8816919170370927,1,1.0269282861278388,1,-0.142437776977661,1,0.5613740142471212,1,2005-08-04,0.1748065479511088,-0.0845649302280022,1.968275708859122,0.232294568673178,0.767705431326822,19.77348484848485,55.652452025586356,1
2005,3,0.5972861010493415,0.583196528681631,0.7536459895202758,0.6426471423355851,0.5298678510143757,0.2526514382334426,0.9999366723350248,0.9999336682805732,0.9903135392814876,0.4669002929624636,0.484738275286625,0.4392156409898093,326,158,12,0.0950220821686316,-0.0007937533544488,1.0541445599645838,-1.775557734791615,1.0785117319994884,0.2843771282358225,-0.2008880317372085,0.6167022573783044,1.096180621358601,1.091486898124673,-1.0052345998694494,0.6083853997918588,0.4363888452587053,1,0.2953076114010594,1,1.3720525308289464,1,-0.818581003821046,1,0.9469489985599812,1,0.85393201710123,1,2005-11-09,0.2479774275179297,0.1104203836706155,1.600237019930943,0.2417050115566335,0.7582949884433665,19.768342391304348,58.667338709677416,1
2005,4,0.5910205965276143,0.5802973814851465,0.6990620462007805,0.576240848294265,0.6462746538272327,0.0002677083015441,0.999936337940744,0.999935642334458,0.0004430890083313,0.4808971985233589,0.4664199179006533,0.0001772907400533,417,165,5,-0.024541092278205,-0.0539412334233129,0.4078074576375465,-0.1426851991142824,0.0382396660815974,-0.9181632217346384,-0.0495231745642938,0.5604301625165363,-1.144164577359491,0.3415088385055205,0.2244178935834966,-1.5361925830477423,0.2836541154303383,1,0.2271935522551557,1,0.7053757158111645,1,0.3462178611907797,1,-0.1607069507873336,1,-1.232620231649994,1,2006-02-21,-0.0440154114875217,-0.0741616717014324,0.4713323533551815,0.1812900139137032,0.8187099860862967,19.52892561983471,56.357751277683136,1
2006,1,0.6012126874082603,0.5875599225029969,0.7459954966361693,0.5931750445306639,0.6495239981958945,0.2606110758188151,0.999932510186045,0.9999347439224948,0.9839951991685668,0.4741237715302309,0.4615571158513987,0.4226480391438598,345,142,12,0.1699522219816258,0.0791964542606953,0.9635538642146676,-0.0971056878629041,0.3035183050692865,0.322302652872988,-0.118410857692088,-0.0837069770485672,1.0818805046797528,0.1424192166377376,-0.370639446418207,0.5274573575671561,0.5089407710406954,1,0.3756216858932557,1,1.1741012949334912,1,0.3691522776824135,1,0.1211954414365073,1,0.9314621391394244,1,2006-05-31,0.6486819699938366,0.5959283969337738,0.9495460043991248,0.11379137621201205,0.8862086237879879,20.75867269984917,55.1623246492986,1
2006,2,0.6500756780170353,0.6439777738413185,0.7126517899154611,0.6600955375708311,0.6359480876341806,0.0016210079193116,0.9999418151965074,0.9999381401496066,0.0016210079193116,0.4654335754867285,0.469378536281767,,303,169,1,1.102393376543357,1.1134546089234152,0.568725761441672,-0.28753898701186,1.3518454335764365,-0.911715114337208,0.1420022119234958,1.4821464524498689,-1.14149862751124,0.4626386333811504,-1.1340882806621213,0.0,1.631194108063747,1,1.5902110115658044,1,0.7609490331553757,1,0.2215106548968111,1,1.244875903976769,1,-1.1962628903795254,1,2006-08-10,1.0167165037459869,1.0951000411482728,0.0568504493305601,0.1823655689255039,0.8176344310744961,20.390738060781477,59.577167019027485,1
2006,3,0.6685989723426247,0.6788982867983486,0.4822750108254364,0.6803894074003813,0.6902328698410417,0.0011103749275207,0.9999374223247288,0.9999371012512712,0.0023374557495117,0.4523549265515693,0.4405644353352008,0.0012694891062683,293,118,9,1.455869120292402,1.7536212305522934,-2.1592021013168363,0.4739296542436901,1.669754243243168,-0.9141481427135631,0.0623424319219358,0.7429110300078974,-1.1398771118310034,-0.7170492099254331,-2.2830703327411785,-1.5308575033952578,1.9189940639729832,1,2.2028846344677295,1,-1.7003601676678064,1,0.7810641980153025,1,1.512739706853612,1,-1.1361447332324808,1,2006-11-14,1.7164002400391865,2.0038479341841033,-2.25992924902031,0.2239338832357446,0.7760661167642554,19.124713083397094,59.51428571428571,1
2006,4,0.7298350897615474,0.7243093194508545,0.7755072729417648,0.7540621823081953,0.7111497487830339,0.0008417566617329,0.999940174591029,0.9999412831712108,0.0014019608497619,0.4167817676766988,0.4479204787866999,0.0005410996014629,297,151,6,2.6244237935858545,2.586101194223071,1.3130074731310029,0.767336880721474,2.823857643555913,-0.9154280362448776,0.3830002008255205,1.2060642572570772,-1.1419943904168035,-0.4158829493275103,-5.408234199866993,-1.534415479809046,3.0414235404102916,1,2.8354081049866906,1,1.416649274748164,1,0.9739383725102116,1,2.6037855758458894,1,-1.083131114317528,1,2007-02-09,2.3894258868436893,2.3210711868647587,1.3883311937374485,0.2399174399065545,0.7600825600934455,20.703007518796994,60.64977973568282,1
2007,1,0.668038182629013,0.6558481515215928,0.8149436857184367,0.6811099021683271,0.7244253116658421,0.1470008378123368,0.9999411014359794,0.99994220015069,0.8469901740550999,0.4529952212107678,0.4299096721726247,0.3429391952672427,356,130,23,1.445167699820351,1.331063656831465,1.7799802715426425,0.953557114446514,1.681040983326384,-0.2190194656700839,0.4533115884722933,1.3620343499269438,0.771800988589029,-1.1532694688712446,-2.226819333489758,0.1381022328539087,1.381130566585206,1,1.2187805192823264,1,1.7243315557743109,1,1.0748996384771006,1,1.1792004404876817,1,0.123276601483337,1,2007-05-10,1.4222694858057208,1.4371288884942248,0.8157400520950752,0.20837661525037632,0.7916233847496237,19.64603616133519,55.50294695481336,1
2007,2,0.6243201879408502,0.620659232928343,0.6550722100459098,0.6069706360444593,0.7302185074687894,0.2296143173173802,0.9999401736225992,0.9999412485536596,0.9995645102535492,0.4716897361477392,0.4312496558471332,0.4270882955754965,379,159,26,0.6109073130884437,0.6859765940402159,-0.113083146871515,1.0348199796043305,0.5196298753925079,0.1746114652266074,0.3803458251129369,1.205901289222437,1.11711807675493,-1.0984087444648702,-0.5844736874375565,0.5491467525278309,0.514137742096511,1,0.562525963035172,1,0.0592597104039799,1,1.0903843273557523,1,0.051847755191397,1,0.7895337908841451,1,2007-08-08,0.4795443069552819,0.4140273855413994,0.6771919674291486,0.22809721213644946,0.7719027878635505,19.63360707517372,55.1063829787234,1
2007,3,0.5962564733482689,0.5803461280011631,0.7270449054388846,0.5747083264462861,0.6830132980896125,0.3421521359856949,0.9999366083575296,0.9999428373277623,0.9993565712415148,0.4822732308582528,0.4578390771995603,0.4862539065037494,398,134,12,0.075373934758995,-0.0530476070177407,0.7391569178426647,0.3726585932111766,0.0142323081665578,0.7108237950896471,0.5021685205421789,0.6059360813666012,1.1166474543950962,-0.009802260154184,0.3453047270562724,0.8381540031832782,-0.0125402942445165,1,-0.1453740124197497,1,0.7636839300477155,1,0.5512837654825009,1,-0.4253679632776988,1,1.6836026263233357,1,2007-11-08,0.170837449791305,0.0189033028067644,0.5179543087204217,0.24901627217551134,0.7509837278244886,18.689699296225207,53.6985294117647,1
2007,4,0.6464691583996399,0.6608380049524339,0.5607754349823745,0.6504334624214163,0.6651347403495959,0.1679108064636238,0.9999392049627204,0.9999404924012196,0.9005841825972315,0.4637391970586441,0.4643292251803343,0.3884931911657657,328,238,12,1.033570996371855,1.4225381897850755,-1.2296661683034174,0.121870793823474,1.2004864845213747,-0.1193891090437869,0.3223661990491526,1.0428945522287607,0.8930987601148763,0.2559130813856446,-1.2829423720098376,0.3606205995951345,0.926379439586364,1,1.2697518771805705,1,-0.9021416805276128,1,0.3484752296577085,1,0.7197406390022739,1,0.1931626488576861,1,2008-02-22,1.1620946773117575,1.5757629484397224,-1.316969364029561,0.3287331411973101,0.6712668588026899,19.0453446191052,54.5,1
2008,1,0.5382805440564571,0.5394189895519501,0.5283567361523482,0.5338003493437306,0.626659826466714,0.0041243525651785,0.9999348485507652,0.9999414562538732,0.000352382659912,0.4840010327895492,0.477495803073718,0.0143006733722142,403,99,13,-1.0309673221336642,-0.8033283370347805,-1.613541106403177,-0.417828164259836,-0.6266019149647308,-0.8997873527998468,0.3962716888517621,0.3097946134663805,-1.1443698704179095,0.7949703959823315,0.4970951312829865,-1.467203859354423,-1.132847254265512,1,-0.8970660512213665,1,-1.1952020410065916,1,-0.0735548074981371,1,-1.0656005482023143,1,-1.1281640415957042,1,2008-05-14,-1.0701732842874376,-0.967805095324419,-0.9043428671735722,0.26653065817373667,0.7334693418262633,18.757255936675463,55.21553398058253,1
2008,2,0.5211759505859672,0.5094134042061357,0.6160476361413307,0.5069118804198283,0.6290212389362786,0.224694927467445,0.9999321893046726,0.9999387043804744,0.9998681417491752,0.486632437245774,0.479076280929366,0.4221318516804028,399,127,27,-1.3573703254133782,-1.3533939739417538,-0.5751792960887921,-0.3847039354881127,-1.0478168543111763,0.1511719004282806,0.1852658357774846,-0.1377051105710792,1.1178052771488989,0.8596772739231295,0.7282685886448795,0.5249359280188765,-1.4085682697040212,1,-1.3928966976428625,1,-0.2816566338827515,1,-0.046365403506156,1,-1.433559771818651,1,0.6826904962399469,1,2008-08-15,-1.0788202298651892,-1.0432988434553296,-0.5979869087532017,0.2596587957746831,0.7403412042253169,18.54794520547945,53.86618444846293,1
2008,3,0.4627939922933126,0.4569101091887772,0.5222723758500291,0.4313766278953683,0.5696117230226638,0.1817675615351287,0.9999201616716163,0.9999396834991784,0.9966754522174596,0.4797390332420178,0.4908481939443092,0.4036662718944367,364,136,11,-2.471459739870985,-2.3158900586070907,-1.6855869786534892,-1.2180587270391143,-2.2310964564578706,-0.0533654113290461,0.2603418830607751,-2.1617233044380235,1.110579355149305,1.3416351424661686,0.1226710596253891,0.4347368011616825,-2.4139805513358708,1,-2.2287263048756754,1,-1.2163724809192722,1,-0.7099854824410348,1,-2.4857029505861257,1,0.3189748272345487,1,2008-11-17,-2.83066058924497,-2.6844948483586712,-1.6800386157765397,0.23444390844044222,0.7655560915595578,17.243483788938335,53.08023483365949,1
2008,4,0.4589968445062369,0.4417513870604328,0.5534799358316532,0.3936119288860113,0.575919656419589,0.2513900618492202,0.9999223140985124,0.9999346690179663,0.9849035535007716,0.4751362074138453,0.4789837882014068,0.4332400703599226,371,227,11,-2.543919833338669,-2.5937813927078843,-1.3160533271333728,-1.1295754859240748,-2.822690401344878,0.2783670102344102,-0.1241543246466635,-1.7995114562747316,1.0839363568029556,0.8558904978939162,-0.2816951934666211,0.5791964298522901,-2.2390200565680187,1,-2.2771266734568454,1,-0.8582679471594796,1,-0.6218727681044893,1,-2.7476550788180982,1,0.8853670746206312,1,2009-02-23,-2.7202101657205873,-2.8107678128433475,-1.275841056525229,0.2767991840039788,0.7232008159960213,18.594668117519042,56.11986863711002,1
2009,1,0.5200245644897847,0.5033995225204527,0.7173375625994882,0.4610481518676141,0.7091739901398251,0.2936432278841563,0.9999268918472808,0.999941242310888,0.9999144124129088,0.4893451783900955,0.4467734226645939,0.4568615913456071,351,125,13,-1.3793419601310846,-1.4636411036542163,0.624210736593249,0.7396223318491932,-1.7662842276300672,0.4796919414600589,0.3798671470768833,-1.0291648094307326,1.1179100002056468,-0.4628449616196226,0.966587615496549,0.6945808690436837,-1.060780564347349,1,-1.136616001750297,1,0.8024930454366943,1,0.9098477890655684,1,-1.579930198655773,1,1.209504745933888,1,2009-05-06,-1.1992713270359483,-1.2249081185451969,0.4197685793479693,0.2164863408548254,0.7835136591451746,17.934043970686208,55.04907975460123,1
2009,2,0.5177174602176321,0.4905215399160223,0.8214052369189414,0.4593564439844006,0.761286960454692,0.4531162771318949,0.9999305677993108,0.9999443908964168,0.999940044588584,0.4884444686038929,0.4151237856771991,0.5193767609768037,401,99,11,-1.4233678976436768,-1.699721674046124,1.856492520850588,1.4706263275221665,-1.7927852766647432,1.2395379763252174,0.6212917619610867,-0.4105731253119165,1.1179680127684932,-1.75862344411798,0.8874586944887647,0.999949765196558,-1.0643489118563418,1,-1.2931829619292523,1,1.829127723366444,1,1.4806841388149106,1,-1.5199127410503244,1,2.471895500065315,1,2009-08-05,-1.295788019208362,-1.4350105531354913,1.2346683081871388,0.26111713974495815,0.7388828602550419,17.630529595015577,55.37573385518591,1
2009,3,0.6518207282341277,0.6301741050019876,0.8564797115198168,0.6041096934030507,0.8098311331248593,0.41010520466322,0.9999382111316664,0.9999453179720148,0.9999067482494866,0.476394367810293,0.3802783133413935,0.4729758668825419,330,118,12,1.1356937664483024,0.860404258321984,2.271814919719419,2.151569746677215,0.4748124562755951,1.0346018255161238,0.6923772913861226,0.8756519929050255,1.1178926541259444,-3.1852437015070745,-0.1711636147598303,0.7732945406540608,1.126112911603222,1,0.8551063070004721,1,2.0590298873836543,1,1.9588219987247684,1,0.2966995431602321,1,1.9091237144348845,1,2009-11-11,1.0925877326274112,0.9418622137101058,1.6374096518377637,0.3124378027823738,0.6875621972176262,17.919485791610285,57.57608695652174,1
2009,4,0.6178510552796291,0.5997728877689353,0.8206101104976066,0.5904605327788818,0.7939176987943332,0.222932312584453,0.9999351979407948,0.9999450000239448,0.9997431301540928,0.4806312934658611,0.3916215232568117,0.4101569761441536,483,120,20,0.4874583499265632,0.3030858548541836,1.847077303189579,1.9283473126035335,0.2609947643605135,0.1427735162740076,0.6679979344827113,0.3685902030125704,1.1175223420165792,-2.7208375114229715,0.2010576718865376,0.4664420529219166,0.5455389220672774,1,0.3754361965822667,1,1.5803518756010428,1,1.6587429270124483,1,0.1253886303323204,1,0.4091145375781541,1,2010-02-11,0.3499739136826369,0.2228982816617578,1.601031742283818,0.24404144099868297,0.755958559001317,17.815450643776824,53.30337078651685,1
2010,1,0.5835846845005137,0.5740841593205773,0.7125918158912291,0.5589943311950778,0.7323241596198269,0.0042433398110525,0.9999315476852644,0.9999453532182088,0.0100705623626709,0.4858729189023147,0.4340625346928602,0.0055344125139462,446,101,7,-0.1664388825973261,-0.1678426943616521,0.5680155995391123,1.0643565829989503,-0.231931561385128,-0.8992204106901711,0.6950798696387918,-0.2456772568610873,-1.1223749949962345,-0.983245721153749,0.6615435814070455,-1.510024560593336,-0.0192565372242618,1,-0.0229588699189572,1,0.5201844563151171,1,0.9246893612506392,1,-0.2663787253540495,1,-1.2292044591509086,1,2010-05-10,-0.1459965595417936,-0.1432381581960238,0.7540688217506446,0.1895405079648671,0.8104594920351329,17.31089560752995,54.77617328519855,1
2010,2,0.5803204497739245,0.5724666918311042,0.6852926291072302,0.5606516148676279,0.682858899210529,0.2877049689519076,0.999934209521598,0.9999455331635544,0.9996860933868448,0.4824538774981104,0.4510866394364284,0.4420984835031016,436,135,18,-0.2287295193205467,-0.1974942833748109,0.2447616129486556,0.370492794622926,-0.2059697766666045,0.4513977404965956,0.7088775687631045,0.2022583546618911,1.1173932523487151,-0.2862560963027755,0.3611748485033594,0.6224672689007501,-0.0726316660596153,1,-0.0477221122155449,1,0.2596445740513655,1,0.3779927539563588,1,-0.2417833355174882,1,0.913189919482616,1,2010-08-05,-0.3869425991061419,-0.3395557025315986,0.1895463594088453,0.22151985801569374,0.7784801419843063,18.058693244739757,55.37181663837012,1
2010,3,0.5822213296732783,0.571468714001903,0.7058764098940932,0.5413421548870294,0.7531894388724327,0.2933045140917574,0.9999352112790802,0.9999457463454746,0.9669470950961112,0.4856861419795723,0.4160194499491947,0.4533387164356283,456,131,13,-0.1924554676107773,-0.2157893209123861,0.4884974154509316,1.3570400054239422,-0.5084575470770005,0.4780780616645541,0.7252237542145652,0.3708347786786455,1.043296023149435,-1.72195375050801,0.6451349039482674,0.6773726229669095,-0.0400315649525337,1,-0.0627849907725002,1,0.4483228844136379,1,1.1259871892819726,1,-0.4841350934690497,1,0.9330445938906106,1,2010-11-02,-0.1410125089412237,-0.1620414007274637,0.6016822574870483,0.2096013083385678,0.7903986916614322,18.031543995572772,54.305,1
2010,4,0.6244831469218157,0.6065163521737288,0.735530926509389,0.5684275321664455,0.7471486467690344,0.2859083468647441,0.999930898862658,0.9999419729625516,0.9998682506004116,0.4818282203872697,0.4216614265846877,0.4877294665204593,391,198,7,0.614017021652422,0.4267077739079855,0.839641234941042,1.2723040339770375,-0.084157986539989,0.4428373211936348,0.4358914458886611,-0.3548615621698133,1.1178055235087578,-1.4909636786173943,0.3062097833291547,0.8453616959107911,0.6737753503881728,1,0.4960027983378254,1,0.7214822038888139,1,1.0292072427139831,1,-0.1284511327766056,1,0.8558597351011645,1,2011-01-30,0.6582390547588755,0.5143563108835487,0.710437274857216,0.23816278313934497,0.7618372168606551,18.012616566099837,55.09563758389262,1
2011,1,0.5601934534150399,0.5414145988803951,0.7403982305840355,0.5072660558400689,0.727628105840586,0.3361652581297676,0.9999302409982193,0.9999400053507996,0.999902215124166,0.4889354927605004,0.422842619100322,0.5141653369216408,408,137,6,-0.6128083382573439,-0.7667446109178786,0.897275751988256,0.9984836524064504,-1.042268603178809,0.682297938078025,0.2850205532116721,-0.4655674331440559,1.1178823944343412,-1.442604076702951,0.9305960205135252,0.9744934348290964,-0.4312558262313766,1,-0.5583549021221434,1,0.7541725046621018,1,0.7946274289713963,1,-0.9230789358757991,1,1.213194348564797,1,2011-05-03,-0.6695615344600347,-0.7510492863455976,0.6036879043481681,0.22419415910967996,0.77580584089032,19.169764560099132,56.152450090744104,1
2011,2,0.553867719750532,0.5466195175231748,0.6322666418015374,0.5311618631632429,0.6811085630757248,0.1952459395656155,0.999929010042979,0.999938781403398,0.8111715118633586,0.4855631354341997,0.4603264919944153,0.363496433195866,433,128,18,-0.7335208515132262,-0.6713274792307948,-0.3831274859129662,0.3459403137226448,-0.6679344950988346,0.0108554219163824,0.191171735258022,-0.6727134102893226,0.6907336450355075,0.0920358294739816,0.6343285650349735,0.2385185172733473,-0.5337652576276835,1,-0.4651123664164235,1,-0.2931976263213372,1,0.2798863233837674,1,-0.5907250703978315,1,0.1295673184509704,1,2011-08-12,-0.9258739816607447,-0.8777700951425612,-0.2112729907157491,0.3182229292341582,0.6817770707658418,17.55069124423963,52.62176165803109,1
2011,3,0.4984761565460782,0.4866457087969472,0.6346577550805199,0.4483982093638904,0.6689768529770975,0.0005439023176828,0.9999212901297142,0.9999379855609732,0.001389354467392,0.4802685635947017,0.4562276992754996,0.0010128000476923,417,140,6,-1.7905452477658892,-1.7707738294527615,-0.3548139355520617,0.1757652401687836,-1.9644489048202003,-0.9168472317977404,0.1301487936332704,-1.971825615476073,-1.1420229220778992,-0.0757742282371743,0.1691912219358295,-1.532111356738923,-1.4856416282392233,1,-1.4407544830882202,1,-0.2663642714107407,1,0.1447003127095956,1,-1.6698772967621387,1,-1.3371315947633378,1,2011-11-16,-1.6132593186690471,-1.565501567770956,-0.2892257947491783,0.2702649064513084,0.7297350935486916,17.094317516110134,51.82948490230906,1
2011,4,0.5057719224222099,0.5003647847252017,0.5698164644778848,0.4645904996650257,0.6170816371603419,0.0464269469181696,0.9999255893097144,0.9999339266330936,0.0021337389945984,0.4901798498772444,0.4683397398421368,0.1589760528814379,377,189,12,-1.6513218340493614,-1.5192742452494117,-1.122609908700159,-0.5521842489728329,-1.7107924174844795,-0.6982269089803067,-0.1810782926851984,-1.248356708651,-1.1403381780782509,0.420108917330855,1.03991495709512,-0.7605056099237232,-1.3067971900658646,1,-1.168344899159173,1,-0.8967022100625645,1,-0.4268337563387922,1,-1.3898465395490451,1,-0.952335174683582,1,2012-02-15,-1.7156703992910534,-1.553493040921894,-1.2849554613462408,0.2930086118745123,0.7069913881254877,18.147935779816514,54.75778546712803,1
2012,1,0.5338572971890612,0.5172745899518035,0.6784468673104129,0.490218350448565,0.6623859744875775,0.0801890197520454,0.9999209900022834,0.9999390746146674,0.0114948332309722,0.4911050687594862,0.4609723150889281,0.2725107416748324,373,169,12,-1.1153751196213098,-1.2092818663391605,0.1636998652277707,0.0833130448376783,-1.3093253929425104,-0.5373597449506264,0.2136543443978762,-2.0223312617298084,-1.1191514838786003,0.1184766910138319,1.1211970448100606,-0.205920814002481,-0.7908120654076032,1,-0.8648080348660747,1,0.1856295881561447,1,0.0811200139443618,1,-1.017457704912682,1,-0.6797538265065682,1,2012-05-10,-1.1504879363136868,-1.301258821868956,0.6656620545197066,0.23723943099222863,0.7627605690077713,17.95919610231425,53.22924187725632,1
2012,2,0.516055919353196,0.4965882828490657,0.6779446860717527,0.4669007337474945,0.6294716203914796,0.4198847178078722,0.999916157750704,0.9999407671919472,0.9780128243437504,0.4892362774807322,0.470762516937747,0.5088018573747889,364,162,5,-1.4550746978760003,-1.5885054862279144,0.1577534577881545,-0.3783863020594335,-1.67460199282039,1.0811985659743302,0.3434363732444659,-2.835505813078377,1.0683407685334612,0.5193006530727825,0.9570204812356762,0.9482943564546316,-1.080016316314739,1,-1.182656544801188,1,0.1785566946108211,1,-0.2888907595424838,1,-1.2921848335363286,1,1.884324638754848,1,2012-08-02,-2.092046093712383,-2.2694622490218146,0.3646145354004707,0.23754220371452642,0.7624577962854736,18.02887633396108,54.08662900188324,1
2012,3,0.5852670815291421,0.5841081863947357,0.5972037014135276,0.5601962474397438,0.6514239437188962,0.0017468432585398,0.9999275399342876,0.9999413334560814,0.0049918591976165,0.4853878170994058,0.463794126060951,0.0039340307227711,367,192,6,-0.1343340890048571,0.0159188544757487,-0.7983133063437458,-0.0704545919748034,-0.2131032272196794,-0.9111155429111302,0.3868559021983548,-0.9201042912777548,-1.1338694771766085,0.2340054075258504,0.6189265444533991,-1.5178419723331966,0.1226509693032165,1,0.2570937512975866,1,-0.6319337070509217,1,-0.0368029507879082,1,-0.0733583479454654,1,-1.2650597725106008,1,2012-11-02,-0.2164717067874652,-0.1015146763907532,-0.5844917675145153,0.24893965547724972,0.7510603445227503,17.618904274533413,51.796460176991154,1
2012,4,0.5605182165445349,0.5549848042313716,0.6134672481618728,0.5216342050157274,0.6867019051097043,0.3088939664044624,0.999934945586574,0.9999398167401524,0.9995104845729658,0.4889382741697148,0.4505862478458535,0.4673458160143312,448,156,9,-0.6066109585298115,-0.5179741382437114,-0.6057340781015215,0.4243997711533065,-0.8171877664575429,0.5523575940457683,0.2705584233116284,0.3261238647321693,1.1169958019925417,-0.3067427974977454,0.930840372149743,0.7457933368813995,-0.3043044324884724,1,-0.2195948119754012,1,-0.4586763742398873,1,0.3677193038107259,1,-0.5664863486947147,1,1.0032724855013926,1,2013-02-06,-0.4359699299819785,-0.399347131776191,-0.1567299053719309,0.23257247237333556,0.7674275276266644,18.116025272831706,51.451876019575856,1
2013,1,0.5820556150776539,0.5706556451773136,0.6621811178057604,0.5743226346529222,0.6871707891329877,0.0800989600789034,0.9999304753000616,0.9999443325734318,0.0002278923988341,0.4765091388049031,0.4585706956737709,0.2767401844504354,389,148,25,-0.1956177609323002,-0.2306945865718469,-0.0289054462001351,0.4309769455583814,0.0081903447580805,-0.5377888549843343,0.6168197207743478,-0.426138961276523,-1.1446516256300343,0.0201511790166355,-0.1610807833022349,-0.1852611840383142,0.0731653185263566,1,0.0403443028266275,1,0.0423090897353846,1,0.3688501835822574,1,0.1210310664629657,1,-0.6817470427937742,1,2013-05-09,-0.1593604028852893,-0.1313025244382731,-0.311515614124457,0.1407514426229774,0.8592485573770225,17.60436137071651,50.27580071174377,1
2013,2,0.5267120683684109,0.5089257463037612,0.6635098101303489,0.5159524843533122,0.6045316921202127,0.0510714528936659,0.99992419010523,0.9999426099017,0.0010700821876525,0.4811630889063218,0.4788489999002082,0.2179211620551128,388,182,21,-1.2517258695064064,-1.3623337713684938,-0.0131721903242811,-0.7282260273320573,-0.9061934153465072,-0.6760970916473101,0.4847301346364974,-1.4838157819248812,-1.1427455218067837,0.8503720845087884,0.2477768260970446,-0.4725754478820075,-0.8988807993539933,1,-0.9854189452999388,1,0.0555349123873483,1,-0.5996724022944898,1,-0.6411711145583633,1,-0.8840118937678375,1,2013-08-02,-1.0825243905982656,-1.174044783336808,0.0681471603268334,0.15941933309176545,0.8405806669082345,18.18444313494402,52.21489001692047,1
2013,3,0.561915029258323,0.552963044201671,0.6314245602864449,0.5447877251489771,0.6200300646996331,0.2500880431753103,0.999934740117169,0.9999428079878272,0.9998609839916752,0.48101050261781,0.4715765818755735,0.4627736221088354,421,167,8,-0.5799559044014383,-0.5550372618453142,-0.3930987062625526,-0.5108257867867083,-0.4544817824840946,0.2721632426927617,0.4999188174594007,0.2915473348240042,1.1177890772030936,0.5526295607696399,0.2343718553112513,0.7234594647323681,-0.2636339445666571,1,-0.2343497535378986,1,-0.2780746783930037,1,-0.4095462781589323,1,-0.2539764445828879,1,0.5910255022618645,1,2013-11-05,-0.7808804179150888,-0.6963312369942865,-0.8009956356500513,0.20727816679623862,0.7927218332037613,17.99942429476108,52.45805369127517,1
2013,4,0.6390908505493955,0.6279774288231716,0.7315983468902167,0.5967805029767529,0.7440208594431985,0.123679533197831,0.9999341013055528,0.9999446365211042,0.482346093654633,0.4764279317433867,0.4265702558480235,0.3113165964407914,417,232,13,0.892772453243832,0.8201345529503704,0.793074937946916,1.228429639196109,0.3599987601291681,-0.3301391872958121,0.6401255668671371,0.184047685663213,-0.0534874262138649,-1.2899896410250482,-0.1682149648715176,-0.0163652052748966,1.1092821937943178,1,1.0266386827752052,1,0.7744229779077622,1,1.0638956829479194,1,0.4371127937359446,1,-0.3498540185748307,1,2014-02-08,0.8528303821936153,0.8407599786038792,0.4584370302926202,0.26570534491675923,0.7342946550832408,18.47935656836461,52.06042296072508,1
2014,1,0.6086329241299231,0.5989840637753133,0.6564220909805851,0.5625840600152436,0.7047819711530876,0.102285121168409,0.9999211024623946,0.99993948908741,0.2861921906471255,0.4828849481357331,0.4439900962482291,0.2702361597237942,397,227,7,0.3115508840705995,0.2886250480591007,-0.097098993313797,0.6780141869098761,-0.1756975150533855,-0.4320777858584672,0.2454349396413766,-2.0034063984474724,-0.4974368891879502,-0.5767980689342849,0.3990451536290885,-0.2170315025552825,0.5460895741794439,1,0.5202702189673177,1,-0.0282653930053467,1,0.5779841861860422,1,-0.0243082332897283,1,-0.5054375049347586,1,2014-05-06,-0.1726767946084245,-0.3288111223190548,0.0728638250755765,0.2105616294643953,0.7894383705356047,17.84169014084507,50.188589540412046,1
2014,2,0.6366629737253182,0.6231991987795023,0.7182376101617325,0.6124473291946007,0.7000043003608291,0.3343385046409821,0.9999303028511348,0.9999416226237372,0.999925132300632,0.4756147184205326,0.4499598657271298,0.5155658547261721,409,185,6,0.8464418410407846,0.7325395228262314,0.6348683420713366,0.6109963904179593,0.605423714364321,0.6735939507793722,0.4090284585108888,-0.4551587828227219,1.1179342622178974,-0.3323877194785948,-0.2396571694221035,0.9813345676059122,1.039524137838579,1,0.9231456581464352,1,0.6286583526740335,1,0.5138753875466548,1,0.648008513316744,1,1.241047653744156,1,2014-08-01,0.3518997064724025,0.1679991848529416,0.7139916766389279,0.23456447578223394,0.7654355242177661,17.89443488238669,51.983333333333334,1
2014,3,0.543269936051392,0.5291015885588501,0.6473600622965993,0.5170669429095511,0.6320013035034958,0.137101196805036,0.9999320854549296,0.9999380810491856,0.6365407288074503,0.4878834346214786,0.4703862819756931,0.3461209247325376,423,189,14,-0.9357559080479564,-0.9924680482947652,-0.2044039076276732,-0.3429016913857886,-0.8887351288781018,-0.2661885829690231,0.1374705591472814,-0.1551810152924532,0.2954968377747963,0.5038970903593416,0.8381708835232535,0.1536440800632508,-0.6454891979352346,1,-0.6845287059573693,1,-0.1367010673546189,1,-0.3077548109518877,1,-0.6532253808623024,1,-0.2600983695416813,1,2014-11-06,-1.0221018055739186,-1.1588431811328217,0.2365690081957514,0.2646601023633991,0.7353398976366009,18.46449864498645,54.42012779552716,1
2014,4,0.5622758139903851,0.552934091898287,0.6289523554227344,0.5267242893137534,0.6313164478467679,0.1250766160846979,0.99992746841599,0.9999418904255436,0.3000775677588533,0.4904587271635999,0.4714898226741595,0.3533494736962499,391,252,8,-0.5730711327589154,-0.5555680186033403,-0.4223724748984425,-0.3525083635540134,-0.7374502568608035,-0.3234824644390578,0.4295627420345282,-0.9321394386021864,-0.466010516235747,0.5490775229881105,1.064414811655295,0.1889534942559671,-0.296508642211932,1,-0.2702294065017632,1,-0.3339473886527145,1,-0.3130138092180586,1,-0.5132210634745118,1,-0.3481523685280478,1,2015-02-10,-0.6561919022922985,-0.732037057614957,0.0101125279143194,0.24458022876572993,0.7554197712342701,18.7248427672956,54.88018433179724,1
2015,1,0.5601248200214928,0.5498971347323969,0.6509342681943743,0.5249535207668644,0.6538355190661584,0.0001169443130492,0.9999250022534396,0.99994411016487,0.0001169443130492,0.4844674684816332,0.4638795093443033,,469,182,1,-0.614118053441029,-0.611241845941209,-0.1620811705259179,-0.0366267137313672,-0.7651898119907494,-0.9188815714457574,0.5997660625803029,-1.3471469340458877,-1.1449027312279707,0.2375011133810846,0.5380723179412239,0.0,-0.3325509507849733,1,-0.3197529890237106,1,-0.0916928027983323,1,-0.0353084009608245,1,-0.5317836013352017,1,-1.2932961594405818,1,2015-05-08,-0.6688074535440018,-0.7099937036714266,0.1526864027531057,0.25002591860758455,0.7499740813924154,19.1042679632631,54.236196319018404,1
2015,2,0.6016010572468257,0.595873268433629,0.6322856401746656,0.5869865891950324,0.6289442555372777,,0.999936515770969,0.9999421433974932,,0.4792602069045619,0.4694636168391284,,406,217,0,0.1773633938349471,0.231597611293914,-0.3829025231731957,-0.3857838043178897,0.2065745242157388,0.0,0.4489599141778417,0.5903555525654042,0.0,0.4661219452292988,0.0806053332245096,0.0,0.4265389286313542,1,0.4781551697359432,1,-0.2954528321144821,1,-0.341354482914101,1,0.3308008861626141,1,0.0,1,2015-08-07,0.1340100016493572,0.0997492188910863,-0.1561018252933175,0.2744201065455066,0.7255798934544935,18.726973684210527,54.82825040128411,1
2015,3,0.5644118420622025,0.5450947622016484,0.7149792179615896,0.5123087821611675,0.6562168356508895,0.0001726150512696,0.9999318353409764,0.9999424248435388,0.0001726150512696,0.4887757633715015,0.4637005779127241,,405,236,1,-0.5323098028311468,-0.6992794587504917,0.596285204891997,-0.003223284069172,-0.9632729687492828,-0.918616315404725,0.470540399318159,-0.1972703598627927,-1.144776733254148,0.2301754211788253,0.9165635159284404,0.0,-0.260456274284283,1,-0.4107696433181379,1,0.6217283450959981,1,0.0001927436185249,1,-0.7117731151374254,1,-1.2629511131385165,1,2015-11-06,-0.4491706406078709,-0.6077718020560853,0.7104688969022657,0.2773534439819454,0.7226465560180546,18.52537796976242,53.440809968847354,1
2015,4,0.5460450237276998,0.5386197065951067,0.5931730569570149,0.5201559368546449,0.587416529036286,0.9999385964110844,0.9999263141216944,0.9999368224162026,0.9999385964110844,0.481986735266275,0.4802814273981338,,449,270,1,-0.882799551413456,-0.8179808786752081,-0.8460408045804385,-0.9683054648569556,-0.8403452260946235,3.84499872997638,0.0409621491229419,-1.1263848603441031,1.1179647351501871,0.909017582726989,0.3201355910993214,0.0,-0.598038229535623,1,-0.5202744923734669,1,-0.7397335724415055,1,-0.8606847127876662,1,-0.5930559456065658,1,6.2738343195820425,1,2016-02-06,-0.5508554580565707,-0.5074797095831882,-0.6696426237769149,0.3130001526209462,0.6869998473790537,19.447098976109213,55.397222222222226,1
2016,1,0.5875001275587483,0.5737799054745433,0.6933970529410634,0.534350262630102,0.6786474836425234,,0.9999347923658206,0.9999415434122056,,0.4885464603242695,0.4564502923678074,,391,228,0,-0.09172138781539,-0.1734203087848103,0.3407273768387666,0.3114180270736806,-0.6179873786659071,0.0,0.4029547427661256,0.300339773120381,0.0,-0.0666609692294967,0.8964188444824256,0.0,0.1801231435123661,1,0.1055434434964867,1,0.3883896506649553,1,0.2958850172321745,1,-0.3868900257870465,1,0.0,1,2016-05-06,-0.0093362787936365,-0.1384636534889632,0.6933919264780545,0.2515256372943351,0.7484743627056649,18.644456886898098,53.794830371567045,1
2016,2,0.5046332855808472,0.5045230900858582,0.50516762977353,0.482286755804043,0.5512092850121559,0.0001840740442276,0.9999284099976647,0.999935376807116,0.0003110706806182,0.4896524235167999,0.4876814442158603,0.0001358517555542,387,229,4,-1.6730501776844748,-1.4430437414848107,-1.88812698113029,-1.4761951494024308,-1.433575909644227,-0.91856171639628,-0.0698830586127725,-0.7736894400039229,-1.144463370627391,1.2119841717704904,0.9935796341616476,-1.5363950007493794,-1.3760729570483827,1,-1.1274689728332856,1,-1.7312463846748656,1,-1.317311593181624,1,-1.1204392067025564,1,-1.0442285348486124,1,2016-08-05,-1.4651753776588508,-1.2260195909431768,-2.0085071968532,0.21751616969193088,0.7824838303080691,19.350671140939596,55.80483870967742,1
2016,3,0.6050453325406873,0.5949818703504393,0.6580678752635,0.58629281526364,0.6475635599443852,0.000110387802124,0.9999326180972276,0.9999397199979284,0.000110387802124,0.4735778712674127,0.4670317496168539,,394,188,1,0.2430897030850405,0.2152564051912373,-0.07761100142856,-0.1246053330849032,0.1957063730666843,-0.9189128114505892,0.2631405037706577,-0.0655476105488608,-1.1449175703897696,0.3665580475400021,-0.4185977338004085,0.0,0.5262729965906081,1,0.4990445133035231,1,0.0152857888066846,1,-0.077870861835311,1,0.3695245845024973,1,-1.0266272751299323,1,2016-11-08,0.0181045816203245,-0.034738256528501,-0.1446052038625182,0.17222506229070894,0.8277749377092911,20.141509433962263,58.59348198970841,1
2016,4,0.6319464701149372,0.6252512620136457,0.6889042549766494,0.5824058416421056,0.7342687027550846,,0.9999340172907978,0.9999392399473436,,0.4799632049281901,0.4328305578714806,,442,214,0,0.7564378929163229,0.770158168050226,0.2875274458505824,1.0916332627399692,0.1348159087241646,0.0,0.2263315854375387,0.1699096261017635,0.0,-1.033684500490026,0.1423649320791326,0.0,1.0251185606340647,1,1.0348625138398997,1,0.3591945021411528,1,1.0210812918784322,1,0.3109079114202476,1,0.0,1,2017-02-17,0.8586467686409935,0.9017068723816632,0.1467583086000786,0.20596333860611177,0.7940366613938883,19.502139037433157,55.59298780487805,1
2017,1,0.5877396809100526,0.5811505664205256,0.635162744348761,0.5680184688137073,0.6356941956633818,0.3333900045242141,0.999935699001071,0.9999413148987516,0.7999802996841028,0.4804132338461139,0.4715363431254376,0.5772538224811627,399,180,3,-0.0871500465878799,-0.0383005548806358,-0.3488342777902415,-0.291100404524657,-0.0905660715745106,0.669074603741142,0.3854329787357036,0.4529089638732888,0.665404897756798,0.550982132503416,0.1819007550968203,1.2826628168994276,0.1806058582173363,1,0.2307941283179292,1,-0.2477116981587848,1,-0.2435154233244783,1,0.1020341899078533,1,0.937479658601945,1,2017-05-12,0.0565566155411135,0.1109280510191643,-0.350422992402956,0.2763909648767822,0.7236090351232178,18.389830508474578,55.92783505154639,1
2017,2,0.5524568896491313,0.5684738776089137,0.4851312453436056,0.5762086652455696,0.5300146185823679,0.1941709308768622,0.9999305450182874,0.9999338399706176,0.9468586920644158,0.4775814590709942,0.4918013849744856,0.4091059341998895,371,233,10,-0.7604433962091338,-0.2706909856843307,-2.1253809768291054,-1.7734989828534844,0.037735510157264,0.0057332956797052,-0.1877233257309891,-0.4144067312589929,0.997830520800563,1.3806600585214457,-0.0668755832140863,0.4613080107330568,-0.4868957131913447,1,0.0008955319245312,1,-1.9437795683905967,1,-1.589925598986435,1,0.2195722652773765,1,0.1091837001041268,1,2017-08-11,-0.7472647817395346,-0.4386522131307716,-1.864206651684964,0.2928883183521106,0.7071116816478894,18.94795127353267,55.732899022801305,1
2017,3,0.6145118879504213,0.6244381433890624,0.5620314078072355,0.6297045946973989,0.602059596013874,0.1131909112446009,0.9999394357502752,0.999941451010818,0.2145190275274218,0.4699541167139144,0.4798993176221531,0.3324164050777597,465,205,9,0.4237377916690793,0.755251989451891,-1.2147939955204694,-0.7629028481024451,0.8757633184012374,-0.3801146398249772,0.3958696662460491,1.0817316374235253,-0.6596526890715171,0.893373497271438,-0.7369508728556443,0.0867013833710148,0.6960980172771324,1,1.0155007368990845,1,-1.02277786192573,1,-0.6393249626497901,1,0.9964164723091908,1,-0.3691012977417606,1,2017-11-17,0.6345623329369791,0.9196078613040224,-1.1635409928597478,0.2585218398362777,0.7414781601637224,19.096397767630645,55.43298969072165,1
2017,4,0.592774210401509,0.5792891675167929,0.7024058577499799,0.5902427835313651,0.6384072127305309,0.1817087922961218,0.9999362460672272,0.9999412192148156,0.995088769274298,0.4776633480177698,0.4689654388904887,0.3716616110831214,429,249,25,0.0089227159099131,-0.0724239209712927,0.4474020588334865,-0.2530441144219763,0.2575836651140273,-0.053645430889982,0.378096205711725,0.5449696252141619,1.1069882614737447,0.4457258734967982,-0.0596814968390131,0.2784030984563246,0.2739813556723284,1,0.1817875691759462,1,0.5488844675819761,1,-0.1720255520733626,1,0.4072931345144901,1,0.0408959096406827,1,2018-02-14,0.5911765913601793,0.4994535826293819,0.8115488531058836,0.29408933410382,0.70591066589618,18.546844181459566,53.50355618776671,1
2018,1,0.6016850869372659,0.6082234281575332,0.5651556588153376,0.5923984774670352,0.62138421194584,0.5656391680240631,0.9999338259571232,0.9999425610185426,0.9008889973163606,0.47832023518033,0.4772761246429712,0.5926435692105398,408,196,2,0.1789669129932167,0.4580020755340971,-1.1777992454032165,-0.4918307642092973,0.2913531777230417,1.775679179364209,0.4809819126669594,0.13771186644134,0.8937886384644231,0.7859764671185014,-0.0019728173137251,1.357837370508525,0.4429218378522145,1,0.7087545310886477,1,-0.9859041879407344,1,-0.3880468886945468,1,0.4354090527380469,1,2.3377552671549955,1,2018-05-11,0.1915600821432063,0.4092371093959726,-1.1233579836780674,0.26194005706220413,0.7380599429377959,18.514318442153495,53.34323432343234,1
2018,2,0.592699184646288,0.5752425674946444,0.7082145771559293,0.5578620410845139,0.6601270368190979,0.0001216828823089,0.9999357264459832,0.9999391460201876,0.0001393914222717,0.4824524862544867,0.4640306695296426,1.9901496112842927e-05,381,232,4,0.0074910167660711,-0.1466066303848051,0.5161840236522731,0.0516262603067319,-0.2496691838430506,-0.9188589934422644,0.2191295173292342,0.4575274121749089,-1.144851927334029,0.2436898136069754,0.3610526253317139,-1.5369613849237032,0.265557548326185,1,0.096619152342681,1,0.6228892282816849,1,0.1128631193680749,1,-0.0772526922837804,1,-1.0466201169751947,1,2018-08-10,-0.0182191689992235,-0.2121702691729942,0.7741937507693497,0.2958324923761903,0.7041675076238096,18.72495849474267,54.839546191247976,1
2018,3,0.6157325982385546,0.6051492581016965,0.716274329538707,0.5868116418381932,0.6770142924128882,0.0001279711723327,0.9999331065439035,0.999936278896348,0.0001530051231384,0.4811139446029485,0.4609425783836671,4.4254190936517235e-05,413,215,2,0.4470323239167227,0.4016460574716127,0.6116208258280766,0.2885087722883947,0.2038339278467749,-0.91882903143763,-0.0007134129249551,0.016648525178274,-1.144821115838075,0.1172592305155316,0.2434594135861834,-1.5368424289074192,0.7114541543669829,1,0.6480366493335086,1,0.7070110739371565,1,0.3305640620030047,1,0.3530140723113874,1,-1.0303455413783216,1,2018-11-09,0.348837170061776,0.2484110686331595,1.014986969894156,0.3175821554544414,0.6824178445455586,18.337697763229677,53.353968253968254,1
2018,4,0.6189241175178462,0.6070701088035942,0.7035956083339313,0.5680208180946192,0.6919705739095249,0.5000336509365297,0.999928458078648,0.9999349672652896,0.8999311580810172,0.4824076903843666,0.4451017040554038,0.7069255977036573,400,282,2,0.5079353485681483,0.4368593003584065,0.4614900835923797,0.4983049414261978,-0.090529269470991,1.463086598615349,-0.1012855651574701,-0.7655983397778702,0.891620788589267,-0.5312873580819678,0.3571172302438571,1.9160727091780625,0.7662426559414532,1,0.6772105295600204,1,0.5570972012189399,1,0.522773935372358,1,0.0695548031102694,1,1.8775140106426893,1,2019-02-21,0.4396128216102286,0.4005197590916574,0.285195305863256,0.3397156449929988,0.6602843550070012,18.286582278481013,52.801169590643276,1
2019,1,0.6574377020976694,0.6497506791973504,0.7121009760554937,0.6298997059829003,0.7125956659444659,0.4600198400148656,0.9999382810237876,0.999936834811524,0.9503532181144692,0.4736402089940298,0.4376301151715102,0.5332264790935437,426,227,4,1.2428811802600817,1.219284134489139,0.5622034874445546,0.7876191869502812,0.8788197880172978,1.2724315900600285,0.0419125872408237,0.8874134861479585,1.0057395806738751,-0.8371842032710336,-0.4131212561148628,1.0676017152478436,1.511717960699995,1,1.4647092047607375,1,0.6481259492869899,1,0.7881690437840637,1,0.9999395713806856,1,1.5901238994969829,1,2019-05-17,1.200943998968235,1.1629517301084809,0.6003607467053907,0.2777863968825749,0.7222136031174251,18.24772605671482,51.91019786910198,1
2019,2,0.6204243574803796,0.6041552533828131,0.7650668610978073,0.5663292220943779,0.7125290871589458,0.7439813613891602,0.9999350869751652,0.9999352366983658,0.7439813613891602,0.4834287451563698,0.4378192524047317,,399,233,1,0.5365640809759663,0.3834238554222389,1.1893809059035996,0.7866852667007125,-0.1170285658294745,2.6254315928087397,-0.0806262004898605,0.349916832109069,0.5386641181853244,-0.8294406718951371,0.446818667528218,0.0,0.759919081211145,1,0.5915173958498838,1,1.2425208234843317,1,0.7785976118536804,1,0.0299324137451886,1,3.147405007300539,1,2019-08-09,0.1240862121929803,0.0168978023680645,0.8891696819463191,0.34922616769722925,0.6507738323027707,17.8779443254818,52.758293838862556,1
2019,3,0.6309602694753426,0.6241604733212566,0.686265278195242,0.6005512624743045,0.6759122645967182,0.9867106406018138,0.9999349656354752,0.9999313521802832,0.9867106406018138,0.4739679023762708,0.4502078457613857,,331,216,1,0.7376184540822207,0.750161711727349,0.2562789045713373,0.2730503032720303,0.4190686996465986,3.78197109102134,-0.3784800378688587,0.3294977073342675,1.0880262848429008,-0.3222350851022197,-0.3843328226423713,0.0,0.956932369243742,1,0.9572851737072784,1,0.3309008063380319,1,0.2882608387667082,1,0.548155115737666,1,4.211940618899802,1,2019-11-16,0.0017984286186279,0.0456678007061329,-0.2027176127768153,0.39950755348133843,0.6004924465186616,17.69818652849741,49.86496350364963,1
2019,4,0.6235577283313589,0.6233604145808016,0.6248863075851113,0.6213441901385394,0.6353663327594816,0.0133402794599533,0.9999332061270252,0.9999388556585472,0.0371675550937652,0.4747283323632156,0.4739505971958378,0.0264723409000606,311,265,4,0.5963574726115682,0.7354949483378209,-0.4705191901679821,-0.2956994341200897,0.7447953815827397,-0.8558759486996892,0.1968654096546512,0.0334064399590644,-1.061047154016585,0.6498249241902415,-0.3175277259390348,-1.407748711120074,0.8006178973107685,1,0.9302816156363004,1,-0.3693293074934571,1,-0.2507954624436617,1,0.8599319265576901,1,-0.9063466992372796,1,2020-02-19,0.5531242725762254,0.7384960630051445,-0.8338873360553931,0.4270767869312651,0.572923213068735,18.507236842105264,48.501724137931035,1
2020,1,0.5598431439567372,0.5531533526960245,0.6107261017276125,0.5006217119582143,0.6289661421366798,0.3333400278546226,0.999926932460221,0.9999298803631972,0.7998484347481281,0.487972519754713,0.4756665827849798,0.5771508455966343,299,266,3,-0.6194932126721946,-0.551548505937075,-0.6381924263927685,-0.3854767945366792,-1.1463539980413051,0.6688364784001894,-0.4913348007163041,-1.0223304364869157,0.6651064516559889,0.7200796700368717,0.8459971673925438,1.2821598039868305,-0.4519271788207994,1,-0.3856229104933691,1,-0.5285118908998159,1,-0.3343574313483551,1,-0.9907267086407264,1,0.6349126206670053,1,2020-05-10,-1.0409804104683331,-0.9107684356220492,-1.173327591561614,0.445420617194738,0.554579382805262,17.792729591836736,49.11795774647887,1
2020,2,0.6076879037889567,0.6010137652001447,0.6556022420160993,0.5844568272315048,0.633771523265036,0.000118851661682,0.9999351188380388,0.9999346185133616,0.000118851661682,0.4805411108372621,0.4750997040956747,,277,270,1,0.2935172793559338,0.3258337541754307,-0.1068069545167821,-0.3180702969922895,0.1669451375428147,-0.9188724834443516,-0.1280268745920246,0.3552787379384328,-1.1448984143809018,0.6968708980664048,0.1931349711409681,0.0,0.4906393151818902,1,0.5115874067539712,1,-0.0085329592018433,1,-0.267541079360681,1,0.3005891864411512,1,-0.9709213060736084,1,2020-08-06,-0.3563946636551088,-0.3987309975553932,0.0113118373651907,0.5844149232357494,0.4155850767642506,18.643333333333334,51.03102189781022,1
2020,3,0.6333306281154288,0.6283453624793678,0.6672843292042769,0.6273941390903381,0.6410461539636647,0.5000174594424607,0.9999397187293652,0.999936415013508,0.8999355827276304,0.4728633494491591,0.4686814555894751,0.7069620422358531,306,270,2,0.7828514600761376,0.8268795525430304,0.031522486764932,-0.2160269078779724,0.8395694234961376,1.4630094505165012,0.0097236651220668,1.1293515493619402,0.8916308027641453,0.4340992172103849,-0.4813697180521815,1.9162507303948824,0.9925699246411924,1,1.0206954466588378,1,0.1266263956774839,1,-0.1675990954112681,1,0.9572923773096704,1,1.4428078110909248,1,2020-11-26,0.4194136051924049,0.4633453170489757,-0.1808164790784906,0.5656380545090114,0.4343619454909886,19.080976863753214,51.36678200692042,1
2020,4,0.5770739978326905,0.5690562118824725,0.637262308801451,0.5457619018732228,0.6310429155591779,0.0001115083694457,0.9999405936887342,0.9999374304716184,0.0001312732696532,0.4883546596310285,0.4735311617808248,1.8231345100947143e-05,356,260,5,-0.2906808112615223,-0.2600155707778668,-0.323973003174052,-0.3563452815797126,-0.4392210478183469,-0.9189074722497635,0.0875861151043169,1.2765903014401123,-1.144870300914366,0.632652677134515,0.8795688200492564,-1.536969543138324,-0.1296843415373476,1,-0.1055029769969972,1,-0.2236010236346754,1,-0.302291403627617,1,-0.3074944739313592,1,-0.970649336834244,1,2021-02-08,-0.4635476544595244,-0.466569878584503,-0.2219589850486424,0.5097759793118135,0.4902240206881865,19.40495867768595,52.93397745571659,1
2021,1,0.6312447516108362,0.6264674204046595,0.6618196713303665,0.6439826126483438,0.6090475305109745,0.7499174856939135,0.9999336910477724,0.9999410684831672,0.9999236169354844,0.46623235652812,0.4810847051362821,0.4998632215072919,313,201,4,0.7430471609126249,0.7924529152522202,-0.0331853910583696,-0.6648810311148967,1.099432225776194,2.653715622848364,0.3665385301136133,0.1150092299797619,1.117930832535729,0.9419048480367666,-1.063913977135044,0.9046316521210596,0.9465567061683996,1,0.9798051313120028,1,0.0654073940368574,1,-0.6005212535480237,1,1.2112380571672576,1,2.6197662465561673,1,2021-05-11,0.9942640291715984,1.0884398325011495,-0.2019671532789773,0.41748630433639256,0.5825136956636074,18.88372093023256,51.729729729729726,1
2021,2,0.6383079849078536,0.6386918904057313,0.6357699430052182,0.6115236635080455,0.6667193845444372,0.0001170635223387,0.9999332563100324,0.9999391456025478,0.0001170635223387,0.4755649546234246,0.4614897908719249,,270,277,1,0.8778332091744158,1.0165532218948867,-0.3416443425037002,0.144099065041754,0.5909542483921305,-0.9188810034456696,0.2190974938836073,0.0418512702372437,-1.1449024614250287,0.1396628419035936,-0.2440290055348368,0.0,1.0758677949555906,1,1.1990494432387295,1,-0.2419394081067188,1,0.1949983939003156,1,0.693136797674399,1,-0.9568127863330956,1,2021-08-09,0.7328024251824193,0.8547978242852668,-0.4453710736696104,0.44579192694348413,0.5542080730565159,20.010135135135137,54.04197080291971,1
2021,3,0.6271586096833798,0.6131009777475812,0.7208101576500372,0.6159824044561094,0.6533328818919237,0.2497472048562486,0.9999308255479264,0.9999381228830316,0.6990825082990342,0.4761084032121587,0.4663897972130396,0.4992527332117882,338,202,4,0.6650722590682769,0.5474178423279744,0.6653302835887736,-0.0436773535340753,0.6608015983217772,0.2705392401011589,0.1406782598920548,-0.3671990146183044,0.4370458408434207,0.3402756572559688,-0.1962861019842572,0.9016495897190536,0.8405016141567854,1,0.6989803842118529,1,0.7675207045873106,1,0.0091865876779408,1,0.7557951502825209,1,0.2044095572730092,1,2021-11-19,0.1778568406284929,0.1054168207784562,0.2673538167400375,0.4722115453356962,0.5277884546643038,19.302570863546475,53.82720588235294,1
2021,4,0.5898241322085958,0.5925370571533455,0.5672430216390614,0.6326190866798156,0.5674537617977132,0.2944495369072525,0.999931920470408,0.9999349894133048,0.9999327680954592,0.4723918262459022,0.4849648251818264,0.4387074625093006,314,297,23,-0.0473729443019576,0.1704378251542525,-1.1530824522046397,-1.2483290852323836,0.9214196020324726,0.4835337863170154,-0.0995873181391167,-0.1829447217579408,1.117951544091778,1.1007621539366494,-0.5227938514138937,0.605903091856728,0.0894794001272768,1,0.3038910511395339,1,-1.0645484933463163,1,-1.1823547578743536,1,1.0063736420017853,1,0.4102317786492834,1,2022-02-11,-0.0256613713426851,0.165551861311927,-1.108935448444072,0.44048730715263373,0.5595126928473663,19.72805507745267,54.23659305993691,1
2022,1,0.6032537682815579,0.6000351771508268,0.6259280222174542,0.6181640921674446,0.5936930373297685,0.2485586226684972,0.9999293428147212,0.9999349378653278,0.6955651082564147,0.4778483879899717,0.4813480750413361,0.496616264889525,267,268,4,0.2089016964681439,0.3078941721804835,-0.4581840825159168,-0.8802630329309188,0.6949783102648674,0.264875966797397,-0.1035398709136719,-0.6167143573262112,0.4290850109234259,0.9526875643138109,-0.0434254135056902,0.888771188747559,0.3576181668294061,1,0.444500179570658,1,-0.3542950082182669,1,-0.8023944431152685,1,0.7704897595252078,1,0.1935294731321023,1,2022-05-09,0.1669772724128899,0.2950180006002064,-0.7007356694321666,0.4240339924790495,0.5759660075209505,19.845733788395904,53.94063079777366,1
2022,2,0.609864701215001,0.6093803828866637,0.6133356492347516,0.5793501838146681,0.6678216169786912,0.0001050233840941,0.9999300727431546,0.9999411850818432,0.0001160860061644,0.4817062059840602,0.4574247124728979,1.9556137708976326e-05,338,199,2,0.3350566014461236,0.4792114948011176,-0.6072923618027742,0.1595604042962958,0.0869482249936324,-0.9189383714545432,0.3754789861298205,-0.4938815087801634,-1.1449046738091515,-0.0267669064447336,0.2954906058301698,-1.536963071901683,0.4882133789626733,1,0.6199374777867551,1,-0.5022736269356053,1,0.2336571246169744,1,0.1606175526969589,1,-0.9719543762517742,1,2022-08-10,0.3074231242128266,0.5182691028034134,-1.0788507673199317,0.40946641670156886,0.5905335832984311,20.594066082265677,56.66233766233766,1
2022,3,0.6521217911131265,0.6396834916090512,0.7379094744574104,0.5908140823383145,0.7335072084217291,0.0001053214073181,0.9999335395405068,0.9999390070675872,0.0001166224479676,0.4832556994803331,0.4291950032979384,1.9977606194242276e-05,296,239,2,1.1414388797741923,1.0347313624369112,0.8678059972315119,1.0809515572643098,0.2665332112186763,-0.9189369514543232,0.2084750257283785,0.0895134852860625,-1.1449034596959131,-1.1825289687605685,0.431616303970494,-1.5369610131475138,1.33838642391604,1,1.1960640998732808,1,0.9949251091740589,1,1.1485601046143472,1,0.338704221039299,1,-0.9606333833657263,1,2022-11-16,0.9350016642059992,0.8527130392361056,0.6981424709829546,0.4066360676282649,0.5933639323717351,19.694109772423026,54.791433891992554,1
2022,4,0.6052381376594015,0.5796778962548459,0.7786595223789178,0.5896284774811896,0.6492548721698588,0.0909433096054603,0.99993602741597,0.999938928593474,0.0026152729988098,0.4815720254151408,0.4681198303224312,0.3003573527304687,351,253,11,0.2467689585964094,-0.0652977036881838,1.3503337570730758,-0.1008807979589707,0.2479603992301607,-0.4861184565858857,0.2024578531326545,0.5081748443054797,-1.139248336075131,0.4111055273758786,0.2837026095172107,-0.0698980065811178,0.3741997919515829,1,0.031582311026586,1,1.472241743443765,1,-0.039904087085574,1,0.3179380942908655,1,-0.5236293160453066,1,2023-02-24,0.0183379846378685,-0.2322619254585366,1.1301666384089195,0.41993011499468436,0.5800698850053156,20.25717776420281,53.920325203252034,1
2023,1,0.5630460659347886,0.5422055805813798,0.7185720760348546,0.5485480247981165,0.6033337546906069,0.1174266319721937,0.9999349955614888,0.9999400259708636,0.2817634418606757,0.4876646246591079,0.4795146906966304,0.3317012441032672,346,213,8,-0.5583725929561952,-0.7522442487979777,0.6388288053525564,-0.7450298487668576,-0.3955756992437539,-0.3599325738593503,0.2866016412701523,0.3345336770756681,-0.5074603483964895,0.8776263563459229,0.8189480478292548,0.0832080245808079,-0.4809983398612146,1,-0.6895866808732755,1,0.7302287733765663,1,-0.6828574142536425,1,-0.3323013516478201,1,-0.394967543811646,1,2023-05-15,-0.1923114285651315,-0.3077083394121976,0.5096450340877637,0.2765978802815273,0.7234021197184727,17.96020874103066,48.55908289241623,1
2023,2,0.6391194546294398,0.6223600662046122,0.7598856359259919,0.6008008080300816,0.6969252551742489,0.4283093399675896,0.999940446981782,0.9999449351438672,0.9996947254810948,0.4804241187529529,0.4524021968702714,0.5340287869253197,316,235,7,0.8933182982911639,0.7171564536763839,1.128029199515267,0.5678057159918338,0.4229778964267624,1.121339616600094,0.6630231139898759,1.251902356658129,1.117412789118302,-0.2323954148692573,0.1828570130909457,1.07152076175143,1.066695496412421,1,0.8629859865456906,1,1.217463128429464,1,0.6376280556539726,1,0.4985308839366548,1,1.079563912966544,1,2023-08-17,1.0125896845376097,0.8600338321453926,1.1499298764837864,0.2540731508692676,0.7459268491307324,17.163913595933927,48.415770609319,1
2023,3,0.6713985452009886,0.6626255218764712,0.7310034977881514,0.6420042558822313,0.71946140317409,0.005504474043846,0.9999402737154014,0.9999453223306772,0.0151845276355742,0.4675085758177524,0.4392647741535663,0.0107410529465787,292,234,4,1.509292721996056,1.4553071434305571,0.786031235686339,0.8839269068474933,1.068440746581076,-0.8932114464749565,0.6927115012683589,1.2227449734218785,-1.110800705105675,-0.7702590775258447,-0.95179589325845,-1.484591596866969,1.7089486400558316,1,1.632892015976766,1,0.8566989591617212,1,0.9503570587291502,1,1.1514030752994586,1,-0.9338185511319004,1,2023-11-27,1.5419142766358045,1.482948854025893,0.8290858135194322,0.4141083910405351,0.5858916089594649,18.07844474761255,50.00566037735849,1
2023,4,0.6573639144170668,0.6514919489571929,0.7042569343571864,0.653125343953286,0.6706484681839684,0.0008109807968139,0.9999379989822046,0.999938771896268,0.0017730712890625,0.4666799505245157,0.4539497897307863,0.0011897200154339,369,266,3,1.2414731070079876,1.2512052801170546,0.4693209495864729,0.1992134794087892,1.2426555168818,-0.9155746749342276,0.1904427554761014,0.8399513385499074,-1.1411544668786764,-0.1690348926262401,-1.024592066207806,-1.531247152809295,1.3909314357704246,1,1.387205314165386,1,0.5294356902249522,1,0.2519627138938725,1,1.3136236858047914,1,-0.946159138663424,1,2024-02-08,1.2640167068015329,1.2720409776809691,0.4682299360701031,0.37599529289506173,0.6240047071049383,18.590017825311943,49.039184952978054,1
2024,1,0.6704494675887618,0.6615756211946046,0.7376558042503936,0.6101793605937075,0.7755391449603647,0.0930595844984054,0.9999419536186906,0.9999436993421114,0.2584103643894196,0.4807579190178342,0.4085352291500624,0.1826378312312184,354,225,4,1.4911816933118116,1.436060250540311,0.8648022482060838,1.670545920624749,0.5698953895880576,-0.4760349779437297,0.5682653377725423,1.5054402307073422,-0.5603146941076708,-2.028367763207264,0.212181946822965,-0.6449245249116672,1.630373250784526,1,1.5575575947968183,1,0.9258833098870606,1,1.7376832709726222,1,0.6140791827907882,1,-0.4991359260054994,1,2024-05-10,1.413988679058739,1.3164661372767603,1.0816803313180643,0.3253075899308219,0.674692410069178,16.949809402795427,45.76157804459691,1
2024,2,0.6099984687996749,0.595073679949947,0.73312797680993,0.5543024625614934,0.6922458437616913,0.0001134872436523,0.999935391069448,0.9999428144234116,0.0001306533813477,0.4860270865652131,0.4500340399474077,3.0345730927922207e-05,365,262,2,0.3376092573425852,0.2169394687024256,0.8111875276539903,0.5021662327823835,-0.3054309178382557,-0.9188980434483046,0.5004122798403907,0.4010900229014973,-1.1448717038896628,-0.3293509276622949,0.6750874786826341,-1.5369103677949734,0.4016449981946113,1,0.2712494995204296,1,0.862397824153108,1,0.5323274532631743,1,-0.2785443583496998,1,-0.9378767149124982,1,2024-08-09,0.5444116492471065,0.4595200723300236,0.7800652218806565,0.3144092588568157,0.6855907411431843,17.98380323935213,47.66136724960254,1
2024,3,0.6892797144938226,0.6799071495274894,0.7727109075547888,0.6469099741404339,0.7451800798701421,0.0001149177551269,0.999938189452223,0.9999442028012708,0.0001149177551269,0.467019124795224,0.4253645026578539,,336,267,1,1.8505149421793965,1.7721158112532145,1.2798952684907754,1.2446903658221589,1.145290113662096,-0.9188912274472504,0.6068691592573973,0.8720037615721262,-1.144907317877981,-1.3393547898148328,-0.994795016718758,0.0,1.976314846217536,1,1.8825055708646372,1,1.329699259334837,1,1.274142274282823,1,1.2022948400166058,1,-0.9282344809472666,1,2024-11-08,2.025870212839736,1.922202367816465,1.554918896957168,0.38785263605792153,0.6121473639420785,18.221875,48.269867549668874,1
2024,4,0.7185457216674558,0.7077611698549986,0.8063387137657401,0.7035909732173472,0.7318120307764231,,0.9999422525972476,0.9999449906954396,,0.4469253540943852,0.4308729399186613,,275,310,0,2.408991391909712,2.282738725463697,1.6780874382426172,1.0571728007549983,2.033212875491594,0.0,0.6672826511342894,1.555752543708398,0.0,-1.1138319985869551,-2.760067714863458,0.0,2.499890734709341,1,2.3609600401989264,1,1.7126481451086804,1,1.069036883468416,1,2.0902469949646516,1,0.0,1,2025-02-13,2.311386201906333,2.183210265962553,1.70330288359836,0.3936053350769108,0.6063946649230891,19.275426405559067,52.15897435897436,1
