year,quarter,topic,total_sentences_quarter,n_target,n_selected,coverage_selected,tau_used,avg_weight_selected,avg_top_score_selected,avg_gap_selected,note,n_top1,n_conf_ge_0_50,n_eligible
2001,1,all,319,38,64,0.200627,,,,,tone_all: topK=64 trim=0.1,,,
2001,1,macro,319,38,38,0.119122,0.5,0.436829,0.98164,0.135949,,69.0,69.0,69.0
2001,1,policy,319,38,38,0.119122,0.5,0.996826,0.996866,0.313595,,250.0,249.0,249.0
2001,2,all,282,34,56,0.198582,,,,,tone_all: topK=56 trim=0.1,,,
2001,2,macro,282,34,34,0.120567,0.5,0.851673,0.957763,0.33745,,86.0,86.0,86.0
2001,2,policy,282,34,34,0.120567,0.5,0.991512,0.991609,0.26274,,196.0,195.0,194.0
2001,3,all,329,39,66,0.200608,,,,,tone_all: topK=66 trim=0.1,,,
2001,3,macro,329,39,39,0.118541,0.5,0.725435,0.914435,0.288655,,113.0,109.0,109.0
2001,3,policy,329,39,39,0.118541,0.5,0.993918,0.994659,0.303778,,216.0,212.0,212.0
2001,4,all,272,33,54,0.198529,,,,,tone_all: topK=54 trim=0.1,,,
2001,4,macro,272,33,33,0.121324,0.5,0.489944,0.980612,0.142209,,61.0,58.0,58.0
2001,4,policy,272,33,33,0.121324,0.5,0.997413,0.997413,0.3897,,211.0,208.0,208.0
2002,1,all,240,30,50,0.208333,,,,,tone_all: topK=50 trim=0.1,,,
2002,1,macro,240,30,30,0.125,0.5,0.451158,0.964209,0.221286,,45.0,45.0,45.0
2002,1,policy,240,30,30,0.125,0.5,0.995839,0.995847,0.349479,,195.0,191.0,191.0
2002,2,all,241,30,50,0.207469,,,,,tone_all: topK=50 trim=0.1,,,
2002,2,macro,241,30,30,0.124481,0.5,0.72455,0.961528,0.232178,,60.0,59.0,59.0
2002,2,policy,241,30,30,0.124481,0.5,0.991479,0.991479,0.337339,,181.0,181.0,181.0
2002,3,all,283,34,57,0.201413,,,,,tone_all: topK=57 trim=0.1,,,
2002,3,macro,283,34,34,0.120141,0.5,0.564953,0.968792,0.226468,,56.0,54.0,54.0
2002,3,policy,283,34,34,0.120141,0.5,0.997416,0.997416,0.436515,,227.0,225.0,225.0
2002,4,all,370,44,74,0.2,,,,,tone_all: topK=74 trim=0.1,,,
2002,4,macro,370,44,44,0.118919,0.5,0.481314,0.976184,0.170808,,82.0,81.0,81.0
2002,4,policy,370,44,44,0.118919,0.5,0.998144,0.998144,0.34568,,288.0,283.0,283.0
2003,1,all,346,42,69,0.199422,,,,,tone_all: topK=69 trim=0.1,,,
2003,1,macro,346,42,42,0.121387,0.5,0.738512,0.961721,0.289197,,95.0,95.0,95.0
2003,1,policy,346,42,42,0.121387,0.5,0.997728,0.997728,0.418097,,251.0,249.0,249.0
2003,2,all,341,41,68,0.199413,,,,,tone_all: topK=68 trim=0.1,,,
2003,2,macro,341,41,41,0.120235,0.5,0.791727,0.920002,0.329002,,90.0,87.0,87.0
2003,2,policy,341,41,41,0.120235,0.5,0.997627,0.997627,0.313371,,251.0,246.0,246.0
2003,3,all,404,48,81,0.200495,,,,,tone_all: topK=81 trim=0.1,,,
2003,3,macro,404,48,48,0.118812,0.5,0.694654,0.955431,0.229859,,98.0,98.0,98.0
2003,3,policy,404,48,48,0.118812,0.5,0.997798,0.997798,0.364334,,306.0,304.0,304.0
2003,4,all,369,44,74,0.200542,,,,,tone_all: topK=74 trim=0.1,,,
2003,4,macro,369,44,44,0.119241,0.5,0.666236,0.957861,0.204899,,91.0,89.0,89.0
2003,4,policy,369,44,44,0.119241,0.5,0.996474,0.996474,0.438463,,278.0,276.0,276.0
2004,1,all,438,53,88,0.200913,,,,,tone_all: topK=88 trim=0.1,,,
2004,1,macro,438,53,53,0.121005,0.5,0.738677,0.945768,0.283363,,131.0,128.0,128.0
2004,1,policy,438,53,53,0.121005,0.5,0.996819,0.996819,0.362305,,307.0,302.0,302.0
2004,2,all,455,55,91,0.2,,,,,tone_all: topK=91 trim=0.1,,,
2004,2,macro,455,55,55,0.120879,0.5,0.419545,0.965428,0.09114,,83.0,82.0,82.0
2004,2,policy,455,55,55,0.120879,0.5,0.997632,0.997632,0.356336,,372.0,369.0,369.0
2004,3,all,431,52,86,0.199536,,,,,tone_all: topK=86 trim=0.1,,,
2004,3,macro,431,52,52,0.12065,0.5,0.480362,0.964231,0.150613,,76.0,74.0,74.0
2004,3,policy,431,52,52,0.12065,0.5,0.998268,0.998268,0.367416,,355.0,350.0,350.0
2004,4,all,479,57,96,0.200418,,,,,tone_all: topK=96 trim=0.1,,,
2004,4,macro,479,57,57,0.118998,0.5,0.418328,0.957035,0.162903,,94.0,90.0,90.0
2004,4,policy,479,57,57,0.118998,0.5,0.996467,0.996467,0.410821,,385.0,376.0,376.0
2005,1,all,385,46,77,0.2,,,,,tone_all: topK=77 trim=0.1,,,
2005,1,macro,385,46,46,0.119481,0.5,0.602653,0.961728,0.26091,,89.0,86.0,86.0
2005,1,policy,385,46,46,0.119481,0.5,0.995619,0.995978,0.354457,,296.0,293.0,293.0
2005,2,all,469,56,94,0.200426,,,,,tone_all: topK=94 trim=0.1,,,
2005,2,macro,469,56,56,0.119403,0.5,0.578606,0.95717,0.173705,,108.0,101.0,101.0
2005,2,policy,469,56,56,0.119403,0.5,0.995435,0.995435,0.396803,,361.0,360.0,360.0
2005,3,all,496,60,99,0.199597,,,,,tone_all: topK=99 trim=0.1,,,
2005,3,macro,496,60,60,0.120968,0.5,0.455924,0.963284,0.12422,,98.0,94.0,94.0
2005,3,policy,496,60,60,0.120968,0.5,0.995471,0.995471,0.37707,,398.0,391.0,391.0
2005,4,all,587,70,117,0.199319,,,,,tone_all: topK=117 trim=0.1,,,
2005,4,macro,587,70,70,0.11925,0.5,0.550634,0.958884,0.203361,,129.0,122.0,122.0
2005,4,policy,587,70,70,0.11925,0.5,0.99448,0.994661,0.32359,,458.0,450.0,450.0
2006,1,all,499,60,100,0.200401,,,,,tone_all: topK=100 trim=0.1,,,
2006,1,macro,499,60,60,0.12024,0.5,0.802306,0.953122,0.301886,,117.0,112.0,112.0
2006,1,policy,499,60,60,0.12024,0.5,0.99472,0.994894,0.376372,,382.0,374.0,374.0
2006,2,all,473,57,95,0.200846,,,,,tone_all: topK=95 trim=0.1,,,
2006,2,macro,473,57,57,0.120507,0.5,0.751421,0.943114,0.268083,,116.0,113.0,113.0
2006,2,policy,473,57,57,0.120507,0.5,0.997036,0.997036,0.370753,,357.0,354.0,354.0
2006,3,all,420,50,84,0.2,,,,,tone_all: topK=84 trim=0.1,,,
2006,3,macro,420,50,50,0.119048,0.5,0.680307,0.963191,0.232904,,101.0,95.0,95.0
2006,3,policy,420,50,50,0.119048,0.5,0.996879,0.996958,0.372841,,319.0,310.0,310.0
2006,4,all,454,54,91,0.200441,,,,,tone_all: topK=91 trim=0.1,,,
2006,4,macro,454,54,54,0.118943,0.5,0.550362,0.953335,0.195724,,87.0,81.0,81.0
2006,4,policy,454,54,54,0.118943,0.5,0.996959,0.996989,0.292416,,367.0,360.0,360.0
2007,1,all,509,61,102,0.200393,,,,,tone_all: topK=102 trim=0.1,,,
2007,1,macro,509,61,61,0.119843,0.5,0.755582,0.971266,0.279833,,125.0,116.0,116.0
2007,1,policy,509,61,61,0.119843,0.5,0.995854,0.995895,0.326294,,384.0,378.0,378.0
2007,2,all,564,68,113,0.200355,,,,,tone_all: topK=113 trim=0.1,,,
2007,2,macro,564,68,68,0.120567,0.5,0.43061,0.972542,0.134927,,109.0,100.0,100.0
2007,2,policy,564,68,68,0.120567,0.5,0.996254,0.996394,0.337703,,455.0,450.0,450.0
2007,3,all,544,65,109,0.200368,,,,,tone_all: topK=109 trim=0.1,,,
2007,3,macro,544,65,65,0.119485,0.5,0.582243,0.960637,0.140901,,115.0,108.0,108.0
2007,3,policy,544,65,65,0.119485,0.5,0.994095,0.994253,0.296721,,429.0,422.0,422.0
2007,4,all,578,69,116,0.200692,,,,,tone_all: topK=116 trim=0.1,,,
2007,4,macro,578,69,69,0.119377,0.5,0.494555,0.962145,0.155115,,131.0,120.0,120.0
2007,4,policy,578,69,69,0.119377,0.5,0.995498,0.995498,0.329882,,447.0,442.0,442.0
2008,1,all,515,62,103,0.2,,,,,tone_all: topK=103 trim=0.1,,,
2008,1,macro,515,62,62,0.120388,0.5,0.58668,0.964677,0.206719,,129.0,120.0,120.0
2008,1,policy,515,62,62,0.120388,0.5,0.992708,0.992708,0.282961,,386.0,381.0,381.0
2008,2,all,553,66,111,0.200723,,,,,tone_all: topK=111 trim=0.1,,,
2008,2,macro,553,66,66,0.119349,0.5,0.450545,0.963281,0.121751,,112.0,103.0,103.0
2008,2,policy,553,66,66,0.119349,0.5,0.996023,0.996023,0.296231,,441.0,432.0,432.0
2008,3,all,511,61,102,0.199609,,,,,tone_all: topK=102 trim=0.1,,,
2008,3,macro,511,61,61,0.119374,0.5,0.462557,0.934875,0.18216,,109.0,105.0,105.0
2008,3,policy,511,61,61,0.119374,0.5,0.994041,0.994409,0.31885,,402.0,398.0,398.0
2008,4,all,609,73,122,0.200328,,,,,tone_all: topK=122 trim=0.1,,,
2008,4,macro,609,73,73,0.119869,0.5,0.352802,0.963098,0.090098,,108.0,105.0,105.0
2008,4,policy,609,73,73,0.119869,0.5,0.997056,0.997056,0.355557,,501.0,493.0,493.0
2009,1,all,489,59,98,0.200409,,,,,tone_all: topK=98 trim=0.1,,,
2009,1,macro,489,59,59,0.120654,0.5,0.277672,0.980491,0.062931,,84.0,81.0,81.0
2009,1,policy,489,59,59,0.120654,0.5,0.995046,0.995046,0.289164,,405.0,401.0,401.0
2009,2,all,511,61,102,0.199609,,,,,tone_all: topK=102 trim=0.1,,,
2009,2,macro,511,61,61,0.119374,0.5,0.470149,0.960444,0.151776,,111.0,106.0,106.0
2009,2,policy,511,61,61,0.119374,0.5,0.993746,0.993746,0.316141,,400.0,390.0,390.0
2009,3,all,460,55,92,0.2,,,,,tone_all: topK=92 trim=0.1,,,
2009,3,macro,460,55,55,0.119565,0.5,0.619337,0.954527,0.242877,,107.0,105.0,105.0
2009,3,policy,460,55,55,0.119565,0.5,0.993228,0.993228,0.284838,,353.0,348.0,348.0
2009,4,all,623,75,125,0.200642,,,,,tone_all: topK=125 trim=0.1,,,
2009,4,macro,623,75,75,0.120385,0.5,0.532807,0.944487,0.220314,,136.0,130.0,130.0
2009,4,policy,623,75,75,0.120385,0.5,0.99456,0.99456,0.268014,,487.0,483.0,483.0
2010,1,all,554,66,111,0.200361,,,,,tone_all: topK=111 trim=0.1,,,
2010,1,macro,554,66,66,0.119134,0.5,0.561592,0.967106,0.209888,,121.0,115.0,115.0
2010,1,policy,554,66,66,0.119134,0.5,0.992502,0.992502,0.292714,,433.0,431.0,430.0
2010,2,all,589,71,118,0.20034,,,,,tone_all: topK=118 trim=0.1,,,
2010,2,macro,589,71,71,0.120543,0.5,0.539764,0.953912,0.212888,,141.0,129.0,129.0
2010,2,policy,589,71,71,0.120543,0.5,0.994053,0.994171,0.270136,,448.0,441.0,441.0
2010,3,all,600,72,120,0.2,,,,,tone_all: topK=120 trim=0.1,,,
2010,3,macro,600,72,72,0.12,0.5,0.567387,0.957901,0.216796,,126.0,117.0,117.0
2010,3,policy,600,72,72,0.12,0.5,0.996221,0.996221,0.308357,,474.0,466.0,466.0
2010,4,all,596,72,119,0.199664,,,,,tone_all: topK=119 trim=0.1,,,
2010,4,macro,596,72,72,0.120805,0.5,0.575633,0.952103,0.211799,,105.0,103.0,103.0
2010,4,policy,596,72,72,0.120805,0.5,0.996315,0.996315,0.342105,,491.0,483.0,483.0
2011,1,all,551,66,110,0.199637,,,,,tone_all: topK=110 trim=0.1,,,
2011,1,macro,551,66,66,0.119782,0.5,0.471722,0.968427,0.199971,,113.0,109.0,109.0
2011,1,policy,551,66,66,0.119782,0.5,0.996597,0.996597,0.282553,,438.0,434.0,434.0
2011,2,all,579,69,116,0.200345,,,,,tone_all: topK=116 trim=0.1,,,
2011,2,macro,579,69,69,0.119171,0.5,0.383597,0.961318,0.157057,,98.0,88.0,88.0
2011,2,policy,579,69,69,0.119171,0.5,0.994156,0.994262,0.313125,,481.0,467.0,467.0
2011,3,all,563,68,113,0.20071,,,,,tone_all: topK=113 trim=0.1,,,
2011,3,macro,563,68,68,0.120782,0.5,0.466024,0.954356,0.197113,,94.0,84.0,84.0
2011,3,policy,563,68,68,0.120782,0.5,0.994341,0.994341,0.302218,,469.0,457.0,457.0
2011,4,all,578,69,116,0.200692,,,,,tone_all: topK=116 trim=0.1,,,
2011,4,macro,578,69,69,0.119377,0.5,0.480737,0.962102,0.16019,,104.0,96.0,96.0
2011,4,policy,578,69,69,0.119377,0.5,0.995065,0.995065,0.277333,,474.0,465.0,465.0
2012,1,all,554,66,111,0.200361,,,,,tone_all: topK=111 trim=0.1,,,
2012,1,macro,554,66,66,0.119134,0.5,0.476003,0.952978,0.193409,,94.0,89.0,89.0
2012,1,policy,554,66,66,0.119134,0.5,0.995048,0.995048,0.337576,,460.0,448.0,448.0
2012,2,all,531,64,106,0.199623,,,,,tone_all: topK=106 trim=0.1,,,
2012,2,macro,531,64,64,0.120527,0.5,0.509138,0.963366,0.204307,,95.0,91.0,91.0
2012,2,policy,531,64,64,0.120527,0.5,0.996812,0.996812,0.236224,,436.0,430.0,430.0
2012,3,all,565,68,113,0.2,,,,,tone_all: topK=113 trim=0.1,,,
2012,3,macro,565,68,68,0.120354,0.5,0.49133,0.934529,0.200028,,103.0,97.0,97.0
2012,3,policy,565,68,68,0.120354,0.5,0.996339,0.996339,0.343503,,462.0,455.0,455.0
2012,4,all,613,74,123,0.200653,,,,,tone_all: topK=123 trim=0.1,,,
2012,4,macro,613,74,74,0.120718,0.5,0.522345,0.955394,0.212294,,121.0,109.0,109.0
2012,4,policy,613,74,74,0.120718,0.5,0.995398,0.995398,0.298904,,492.0,485.0,485.0
2013,1,all,562,67,112,0.199288,,,,,tone_all: topK=112 trim=0.1,,,
2013,1,macro,562,67,67,0.119217,0.5,0.623727,0.94618,0.306943,,112.0,103.0,103.0
2013,1,policy,562,67,67,0.119217,0.5,0.994732,0.994915,0.265433,,450.0,441.0,441.0
2013,2,all,591,71,118,0.199662,,,,,tone_all: topK=118 trim=0.1,,,
2013,2,macro,591,71,71,0.120135,0.5,0.451532,0.941101,0.170062,,112.0,107.0,107.0
2013,2,policy,591,71,71,0.120135,0.5,0.996725,0.996725,0.324671,,479.0,472.0,472.0
2013,3,all,596,72,119,0.199664,,,,,tone_all: topK=119 trim=0.1,,,
2013,3,macro,596,72,72,0.120805,0.5,0.769032,0.941115,0.408832,,149.0,140.0,140.0
2013,3,policy,596,72,72,0.120805,0.5,0.993655,0.993655,0.321024,,447.0,440.0,440.0
2013,4,all,662,79,132,0.199396,,,,,tone_all: topK=132 trim=0.1,,,
2013,4,macro,662,79,79,0.119335,0.5,0.550444,0.934181,0.205267,,122.0,113.0,113.0
2013,4,policy,662,79,79,0.119335,0.5,0.997238,0.997238,0.34215,,540.0,529.0,529.0
2014,1,all,631,76,126,0.199683,,,,,tone_all: topK=126 trim=0.1,,,
2014,1,macro,631,76,76,0.120444,0.5,0.680548,0.95952,0.310071,,150.0,142.0,142.0
2014,1,policy,631,76,76,0.120444,0.5,0.995889,0.995889,0.321312,,481.0,473.0,473.0
2014,2,all,600,72,120,0.2,,,,,tone_all: topK=120 trim=0.1,,,
2014,2,macro,600,72,72,0.12,0.5,0.715218,0.960855,0.319163,,127.0,122.0,122.0
2014,2,policy,600,72,72,0.12,0.5,0.996946,0.996946,0.32966,,473.0,466.0,466.0
2014,3,all,626,75,125,0.199681,,,,,tone_all: topK=125 trim=0.1,,,
2014,3,macro,626,75,75,0.119808,0.5,0.495315,0.972402,0.179193,,119.0,112.0,112.0
2014,3,policy,626,75,75,0.119808,0.5,0.994177,0.994583,0.284291,,507.0,501.0,501.0
2014,4,all,651,78,130,0.199693,,,,,tone_all: topK=130 trim=0.1,,,
2014,4,macro,651,78,78,0.119816,0.5,0.481112,0.951988,0.178772,,117.0,106.0,106.0
2014,4,policy,651,78,78,0.119816,0.5,0.995883,0.995883,0.350101,,534.0,525.0,525.0
2015,1,all,652,78,130,0.199387,,,,,tone_all: topK=130 trim=0.1,,,
2015,1,macro,652,78,78,0.119632,0.5,0.411049,0.962365,0.150784,,103.0,97.0,97.0
2015,1,policy,652,78,78,0.119632,0.5,0.997951,0.997951,0.282101,,549.0,538.0,538.0
2015,2,all,623,75,125,0.200642,,,,,tone_all: topK=125 trim=0.1,,,
2015,2,macro,623,75,75,0.120385,0.5,0.586701,0.954234,0.201366,,118.0,114.0,114.0
2015,2,policy,623,75,75,0.120385,0.5,0.997256,0.997256,0.328264,,505.0,496.0,496.0
2015,3,all,642,77,128,0.199377,,,,,tone_all: topK=128 trim=0.1,,,
2015,3,macro,642,77,77,0.119938,0.5,0.485851,0.965079,0.146959,,115.0,107.0,107.0
2015,3,policy,642,77,77,0.119938,0.5,0.996528,0.99667,0.316105,,527.0,515.0,515.0
2015,4,all,720,80,144,0.2,,,,,tone_all: topK=144 trim=0.1,,,
2015,4,macro,720,80,80,0.111111,0.5,0.50627,0.956904,0.19387,,121.0,115.0,115.0
2015,4,policy,720,80,80,0.111111,0.5,0.997555,0.997555,0.361811,,599.0,590.0,590.0
2016,1,all,619,74,124,0.200323,,,,,tone_all: topK=124 trim=0.1,,,
2016,1,macro,619,74,74,0.119548,0.5,0.541085,0.968008,0.232311,,105.0,94.0,94.0
2016,1,policy,619,74,74,0.119548,0.5,0.995791,0.995791,0.268604,,514.0,502.0,502.0
2016,2,all,620,74,124,0.2,,,,,tone_all: topK=124 trim=0.1,,,
2016,2,macro,620,74,74,0.119355,0.5,0.509342,0.952492,0.187884,,114.0,107.0,107.0
2016,2,policy,620,74,74,0.119355,0.5,0.994691,0.994696,0.340525,,506.0,501.0,501.0
2016,3,all,583,70,117,0.200686,,,,,tone_all: topK=117 trim=0.1,,,
2016,3,macro,583,70,70,0.120069,0.5,0.486052,0.939078,0.190115,,122.0,118.0,118.0
2016,3,policy,583,70,70,0.120069,0.5,0.995105,0.995111,0.335816,,461.0,454.0,454.0
2016,4,all,656,79,131,0.199695,,,,,tone_all: topK=131 trim=0.1,,,
2016,4,macro,656,79,79,0.120427,0.5,0.396821,0.959799,0.108007,,122.0,114.0,114.0
2016,4,policy,656,79,79,0.120427,0.5,0.997094,0.997094,0.374813,,534.0,524.0,524.0
2017,1,all,582,70,116,0.199313,,,,,tone_all: topK=116 trim=0.1,,,
2017,1,macro,582,70,70,0.120275,0.5,0.572936,0.947946,0.21335,,138.0,133.0,133.0
2017,1,policy,582,70,70,0.120275,0.5,0.995967,0.996063,0.37187,,444.0,441.0,441.0
2017,2,all,614,74,123,0.200326,,,,,tone_all: topK=123 trim=0.1,,,
2017,2,macro,614,74,74,0.120521,0.5,0.453144,0.939797,0.137996,,116.0,110.0,110.0
2017,2,policy,614,74,74,0.120521,0.5,0.996305,0.996305,0.2954,,498.0,488.0,488.0
2017,3,all,679,80,136,0.200295,,,,,tone_all: topK=136 trim=0.1,,,
2017,3,macro,679,80,80,0.11782,0.5,0.858938,0.951478,0.393149,,190.0,176.0,176.0
2017,3,policy,679,80,80,0.11782,0.5,0.995776,0.995776,0.404467,,489.0,483.0,483.0
2017,4,all,703,80,141,0.200569,,,,,tone_all: topK=141 trim=0.1,,,
2017,4,macro,703,80,80,0.113798,0.5,0.551893,0.966904,0.170363,,151.0,141.0,141.0
2017,4,policy,703,80,80,0.113798,0.5,0.997751,0.997779,0.390432,,552.0,544.0,544.0
2018,1,all,606,73,121,0.19967,,,,,tone_all: topK=121 trim=0.1,,,
2018,1,macro,606,73,73,0.120462,0.5,0.487912,0.952524,0.186174,,110.0,102.0,102.0
2018,1,policy,606,73,73,0.120462,0.5,0.997385,0.997386,0.35039,,496.0,488.0,488.0
2018,2,all,617,74,123,0.199352,,,,,tone_all: topK=123 trim=0.1,,,
2018,2,macro,617,74,74,0.119935,0.5,0.595269,0.962519,0.156845,,121.0,113.0,113.0
2018,2,policy,617,74,74,0.119935,0.5,0.997941,0.997941,0.342283,,496.0,487.0,487.0
2018,3,all,630,76,126,0.2,,,,,tone_all: topK=126 trim=0.1,,,
2018,3,macro,630,76,76,0.120635,0.5,0.697328,0.956236,0.260277,,140.0,130.0,130.0
2018,3,policy,630,76,76,0.120635,0.5,0.996563,0.996563,0.327231,,490.0,480.0,480.0
2018,4,all,684,80,137,0.200292,,,,,tone_all: topK=137 trim=0.1,,,
2018,4,macro,684,80,80,0.116959,0.5,0.583664,0.946555,0.213725,,125.0,115.0,115.0
2018,4,policy,684,80,80,0.116959,0.5,0.997973,0.997973,0.308828,,559.0,551.0,550.0
2019,1,all,657,79,131,0.199391,,,,,tone_all: topK=131 trim=0.1,,,
2019,1,macro,657,79,79,0.120244,0.5,0.61174,0.956973,0.236388,,140.0,135.0,135.0
2019,1,policy,657,79,79,0.120244,0.5,0.997473,0.997473,0.332058,,517.0,506.0,505.0
2019,2,all,633,76,127,0.200632,,,,,tone_all: topK=127 trim=0.1,,,
2019,2,macro,633,76,76,0.120063,0.5,0.61145,0.961774,0.238451,,128.0,125.0,125.0
2019,2,policy,633,76,76,0.120063,0.5,0.997645,0.997645,0.316488,,505.0,502.0,502.0
2019,3,all,548,66,110,0.20073,,,,,tone_all: topK=110 trim=0.1,,,
2019,3,macro,548,66,66,0.120438,0.5,0.462061,0.968843,0.149624,,96.0,91.0,91.0
2019,3,policy,548,66,66,0.120438,0.5,0.997698,0.997698,0.304647,,452.0,446.0,446.0
2019,4,all,580,70,116,0.2,,,,,tone_all: topK=116 trim=0.1,,,
2019,4,macro,580,70,70,0.12069,0.5,0.610441,0.954873,0.199481,,130.0,125.0,125.0
2019,4,policy,580,70,70,0.12069,0.5,0.997872,0.997872,0.410694,,450.0,445.0,445.0
2020,1,all,568,68,114,0.200704,,,,,tone_all: topK=114 trim=0.1,,,
2020,1,macro,568,68,68,0.119718,0.5,0.397409,0.967435,0.118444,,90.0,82.0,82.0
2020,1,policy,568,68,68,0.119718,0.5,0.998067,0.998067,0.383966,,478.0,472.0,472.0
2020,2,all,548,66,110,0.20073,,,,,tone_all: topK=110 trim=0.1,,,
2020,2,macro,548,66,66,0.120438,0.5,0.554792,0.954715,0.208208,,95.0,88.0,88.0
2020,2,policy,548,66,66,0.120438,0.5,0.998001,0.998001,0.383323,,453.0,448.0,448.0
2020,3,all,578,69,116,0.200692,,,,,tone_all: topK=116 trim=0.1,,,
2020,3,macro,578,69,69,0.119377,0.5,0.582476,0.953149,0.205433,,131.0,128.0,128.0
2020,3,policy,578,69,69,0.119377,0.5,0.995907,0.995907,0.427912,,447.0,439.0,439.0
2020,4,all,621,75,124,0.199678,,,,,tone_all: topK=124 trim=0.1,,,
2020,4,macro,621,75,75,0.120773,0.5,0.50975,0.969289,0.168677,,115.0,111.0,111.0
2020,4,policy,621,75,75,0.120773,0.5,0.997797,0.997797,0.338637,,506.0,496.0,496.0
2021,1,all,518,62,104,0.200772,,,,,tone_all: topK=104 trim=0.1,,,
2021,1,macro,518,62,62,0.119691,0.5,0.542275,0.964136,0.146565,,109.0,103.0,103.0
2021,1,policy,518,62,62,0.119691,0.5,0.997854,0.997854,0.360862,,409.0,401.0,401.0
2021,2,all,548,66,110,0.20073,,,,,tone_all: topK=110 trim=0.1,,,
2021,2,macro,548,66,66,0.120438,0.5,0.600283,0.960835,0.253496,,110.0,103.0,103.0
2021,2,policy,548,66,66,0.120438,0.5,0.998918,0.998918,0.305925,,438.0,434.0,434.0
2021,3,all,544,65,109,0.200368,,,,,tone_all: topK=109 trim=0.1,,,
2021,3,macro,544,65,65,0.119485,0.5,0.622993,0.969499,0.269228,,107.0,103.0,103.0
2021,3,policy,544,65,65,0.119485,0.5,0.998349,0.998349,0.310066,,437.0,429.0,429.0
2021,4,all,634,76,127,0.200315,,,,,tone_all: topK=127 trim=0.1,,,
2021,4,macro,634,76,76,0.119874,0.5,0.637112,0.970994,0.259442,,122.0,118.0,118.0
2021,4,policy,634,76,76,0.119874,0.5,0.998228,0.998247,0.361345,,512.0,498.0,498.0
2022,1,all,539,65,108,0.200371,,,,,tone_all: topK=108 trim=0.1,,,
2022,1,macro,539,65,65,0.120594,0.5,0.523655,0.973633,0.186919,,91.0,81.0,81.0
2022,1,policy,539,65,65,0.120594,0.5,0.997876,0.997876,0.375825,,448.0,435.0,435.0
2022,2,all,539,65,108,0.200371,,,,,tone_all: topK=108 trim=0.1,,,
2022,2,macro,539,65,65,0.120594,0.5,0.658748,0.965048,0.286584,,111.0,103.0,103.0
2022,2,policy,539,65,65,0.120594,0.5,0.997604,0.997613,0.346117,,428.0,423.0,423.0
2022,3,all,537,64,107,0.199255,,,,,tone_all: topK=107 trim=0.1,,,
2022,3,macro,537,64,64,0.119181,0.5,0.651326,0.94918,0.302994,,106.0,99.0,99.0
2022,3,policy,537,64,64,0.119181,0.5,0.997703,0.997703,0.327643,,431.0,423.0,423.0
2022,4,all,615,74,123,0.2,,,,,tone_all: topK=123 trim=0.1,,,
2022,4,macro,615,74,74,0.120325,0.5,0.578027,0.961823,0.22784,,134.0,121.0,121.0
2022,4,policy,615,74,74,0.120325,0.5,0.996826,0.996826,0.375414,,481.0,472.0,472.0
2023,1,all,567,68,113,0.199295,,,,,tone_all: topK=113 trim=0.1,,,
2023,1,macro,567,68,68,0.119929,0.5,0.651391,0.960918,0.283334,,116.0,111.0,111.0
2023,1,policy,567,68,68,0.119929,0.5,0.997647,0.997647,0.331183,,451.0,445.0,445.0
2023,2,all,558,67,112,0.200717,,,,,tone_all: topK=112 trim=0.1,,,
2023,2,macro,558,67,67,0.120072,0.5,0.728175,0.953842,0.317974,,132.0,125.0,125.0
2023,2,policy,558,67,67,0.120072,0.5,0.996857,0.996857,0.277198,,426.0,419.0,419.0
2023,3,all,530,64,106,0.2,,,,,tone_all: topK=106 trim=0.1,,,
2023,3,macro,530,64,64,0.120755,0.5,0.601763,0.96722,0.196129,,93.0,84.0,84.0
2023,3,policy,530,64,64,0.120755,0.5,0.998142,0.998142,0.347841,,437.0,433.0,433.0
2023,4,all,638,77,128,0.200627,,,,,tone_all: topK=128 trim=0.1,,,
2023,4,macro,638,77,77,0.12069,0.5,0.650442,0.963241,0.22681,,122.0,111.0,111.0
2023,4,policy,638,77,77,0.12069,0.5,0.998021,0.998021,0.361994,,516.0,509.0,508.0
2024,1,all,583,70,117,0.200686,,,,,tone_all: topK=117 trim=0.1,,,
2024,1,macro,583,70,70,0.120069,0.5,0.793188,0.955556,0.340136,,131.0,122.0,122.0
2024,1,policy,583,70,70,0.120069,0.5,0.996203,0.996203,0.357641,,452.0,450.0,450.0
2024,2,all,629,75,126,0.200318,,,,,tone_all: topK=126 trim=0.1,,,
2024,2,macro,629,75,75,0.119237,0.5,0.728961,0.925548,0.344823,,134.0,125.0,125.0
2024,2,policy,629,75,75,0.119237,0.5,0.997978,0.998023,0.361587,,495.0,487.0,487.0
2024,3,all,604,72,121,0.200331,,,,,tone_all: topK=121 trim=0.1,,,
2024,3,macro,604,72,72,0.119205,0.5,0.612647,0.945721,0.29012,,110.0,108.0,108.0
2024,3,policy,604,72,72,0.119205,0.5,0.998157,0.998157,0.34363,,494.0,482.0,482.0
2024,4,all,585,70,117,0.2,,,,,tone_all: topK=117 trim=0.1,,,
2024,4,macro,585,70,70,0.119658,0.5,0.734717,0.953689,0.300381,,112.0,106.0,106.0
2024,4,policy,585,70,70,0.119658,0.5,0.998369,0.998369,0.359265,,473.0,461.0,461.0
