year,quarter,tone_all,tone_real,tone_guid,tone_macro,tone_policy,tone_risk,tone_p90_macro,tone_p90_policy,tone_p90_risk,tone_std_macro,tone_std_policy,tone_std_risk,n_macro,n_policy,n_risk,tone_all_z,tone_real_z,tone_guid_z,tone_policy_z,tone_macro_z,tone_risk_z,tone_p90_policy_z,tone_p90_macro_z,tone_p90_risk_z,tone_std_policy_z,tone_std_macro_z,tone_std_risk_z,tone_all_z_exp,tone_all_z_exp_avail,tone_real_z_exp,tone_real_z_exp_avail,tone_guid_z_exp,tone_guid_z_exp_avail,tone_policy_z_exp,tone_policy_z_exp_avail,tone_macro_z_exp,tone_macro_z_exp_avail,tone_risk_z_exp,tone_risk_z_exp_avail,report_date
2001,1,0.5457648822445426,0.5436397300236485,0.5662371819724892,0.5338747116098006,0.6126221369887367,0.001009821891784668,0.9999331108032493,0.9999349105382862,0.00280113220214846,0.48692881893416046,0.4823022420321673,0.0019834345025847595,232,82,5,-0.888145426578716,-0.7259532660596135,-1.1649927587153395,-0.6147389723833644,-0.6254370105039746,-0.9146272507876744,-0.1056352310177174,0.017365290734491293,-1.1388276863085658,0.9917524375040384,0.7543062353627616,-1.5273700823601275,0.0,0,0.0,0,0.0,0,0.0,0,0.0,0,0.0,0,2001-05-14
2001,2,0.543199800374407,0.5173376960461673,0.6549436096417062,0.594109251189485,0.4780593102757809,0.0001391470432281309,0.9999363662020186,0.9999162242369494,0.00019660592079162598,0.4798724515223572,0.4941248012003362,5.483209746986211e-05,183,93,6,-0.9370942909592166,-1.2081249985897444,-0.11460592458884691,-2.5022914070631126,0.3181528981450772,-0.9187757814293928,-1.5384478583102508,0.5651859888365411,-1.1447224354121104,1.4757838273199222,0.13439208756100976,-1.536790758830208,0.0,0,0.0,0,0.0,0,0.0,0,0.0,0,0.0,0,2001-07-16
2001,3,0.4491973995103995,0.4474835185484996,0.4676216198508233,0.4526757566945453,0.4423281795367362,0.3333545401643884,0.9999239643206238,0.9998693299348816,0.7998869120958262,0.4904419381236632,0.48635865619932955,0.5771813499672056,250,76,3,-2.730920376943176,-2.488699338101081,-2.3327152204837676,-3.003502510217285,-1.897440000574571,0.6689056256390757,-5.134170036795021,-1.5218109675755358,0.6651935363256556,1.1578274606078967,1.0629398653015452,1.2823088091966721,0.0,0,0.0,0,0.0,0,0.0,0,0.0,0,0.0,0,2001-10-29
2001,4,0.5794122943092428,0.5844622483481279,0.5626592721802433,0.5230077492401175,0.6552154101994954,0.00012469291687000617,0.9999316627508961,0.9999347108467191,0.00012469291687000617,0.4911359020556866,0.46190671917667026,,151,120,1,-0.24605964012279824,0.02240955651180663,-1.207359354217094,-0.017270574060794176,-0.7956708348388809,-0.9188446514400465,-0.12094701443005379,-0.2263139348393561,-1.1448851940367535,0.15673244451068655,1.1239058034988423,0.0,0.0,0,0.0,0,0.0,0,0.0,0,0.0,0,0.0,0,2002-03-06
2002,1,0.5879687235818892,0.570388489606075,0.6419013057788785,0.5392351251806996,0.6675185344676533,0.12509821639469007,0.9999281760799932,0.9999383406873676,0.30009096946741903,0.4967013280194873,0.46136045172497575,0.3533700343970866,115,117,8,-0.08277927822699042,-0.23559211140773859,-0.269041906559354,0.15530897657592796,-0.5414647217311112,-0.32337954479227843,0.15737887909382514,-0.8130532633867211,-0.4659801845358447,0.13436752418389533,1.612838152419941,0.1890539274557115,0.0,0,0.0,0,0.0,0,0.0,0,0.0,0,0.0,0,2002-05-20
2002,2,0.5606208591303298,0.5639590406595132,0.5448042371230085,0.48726383317738536,0.6659022253560214,0.20021089148649476,0.9999107296665898,0.999940160621918,0.6002742955723079,0.4958488568313418,0.4685723317914742,0.44705461399236607,129,107,5,-0.6046522537920677,-0.3534574651074536,-1.4187836471321678,0.13263653223612626,-1.355608683251825,0.03451207768469079,0.29692630250567686,-3.74894746475737,0.2134160669521493,0.429631542922857,1.537947076136014,0.6466765625110013,0.0,0,0.0,0,0.0,0,0.0,0,0.0,0,0.0,0,2002-08-02
2002,3,0.5870746575453939,0.5608948231659946,0.676658778312401,0.6068704787124659,0.6917415918396728,0.16549242885860924,0.9999378531902039,0.9999337351393478,0.716470608487725,0.47627440334597815,0.4611061692978703,0.34724475911009683,256,12,15,-0.09984053372809,-0.4096310317207413,0.14252682071332026,0.4950929424365411,0.5180608844380543,-0.13091202556570286,-0.1957614903930398,0.8154173624513625,0.47639982576317763,0.12395686141225165,-0.18170270156217433,0.159133692670215,0.0,0,0.0,0,0.0,0,0.0,0,0.0,0,0.0,0,2002-10-24
2002,4,0.6112083443636653,0.5799096003791349,0.7666924273835908,0.5796536563977533,0.7032468983271905,0.4494480708774063,0.9999389252036053,0.9999275522102835,0.9998930263376679,0.4872233461770867,0.4288190990861212,0.49688058996618545,255,105,10,0.3606970330539776,-0.061050078613315455,1.2086294932884278,0.6564812678956689,0.09170220284336941,1.222059963641013,-0.6698509678814308,0.9958164998635104,1.1178615977192683,-1.1979189901168084,0.7801809658221766,0.8900623418766558,0.0,0,0.0,0,0.0,0,0.0,0,0.0,0,0.0,0,2003-02-20
2003,1,0.6294814694376402,0.6619939309659529,0.4940937565063077,0.6519983131686294,0.8160859990249654,0.12104802196278654,0.9999386099225376,0.9999412981578644,0.43773835025494867,0.46541752365987626,0.376511296593448,0.3169221092066501,313,14,19,0.7093988548038759,1.4437287505262064,-2.0192544652180313,2.2393085943719457,1.2250002831478068,-0.34267762803601176,0.38414933495694414,0.9427607893829216,-0.15444684340179463,-3.339470407081702,-1.1354984615644235,0.011016136818221634,1.4389652599965141,1,2.5660563441303634,1,-1.246609388338726,1,2.026449421714782,1,2.1187741017972233,1,-0.2306765891002032,1,2003-05-14
2003,2,0.5116803196132399,0.4972235216366026,0.6204677243874357,0.5467856647080268,0.459126996841488,0.06857461783857573,0.9999327572135371,0.9999157018137339,0.004987955093383789,0.481070882133294,0.505189397830828,0.2297850562966169,298,22,21,-1.5385732562448764,-1.5768602200473893,-0.5228403323701906,-2.7678605481844554,-0.4231835336858939,-0.5926992351209723,-1.5785057898621835,-0.042137024247966025,-1.1338783132229526,1.9287832167607926,0.23967630074352345,-0.4146236849742949,-1.0408672405380452,1,-1.0764748901365817,1,0.2431458311108341,1,-1.5500514210453662,1,-0.0850820318967102,1,-0.5550902737664849,1,2003-08-05
2003,3,0.5868418184481925,0.5704822198180232,0.6721634174578447,0.6497323672541543,0.47983402171901673,0.10538282655092976,0.9999399532243842,0.9999102220099303,0.35852063894271735,0.4678977310727825,0.4985642674852587,0.3051446617437192,336,31,37,-0.10428374839662881,-0.23387383902149864,0.08929654213777906,-2.4773970065264805,1.189503644286398,-0.41731805584018533,-1.9986816151027142,1.1688125291341662,-0.3337380012930306,1.6575415166125553,-0.9176079273822708,-0.04651335806231312,0.5043652343048457,1,0.3091336279236144,1,0.8046505022591836,1,-1.1429951424774296,1,1.6739960957328395,1,-0.27471194717362135,1,2003-10-27
2003,4,0.6255201679180555,0.6008372690107412,0.7256042511586726,0.6666082780835041,0.6111010755812458,0.11343468644365204,0.9999380009918241,0.9998893402080284,0.4834820270538341,0.45948286026085244,0.475612454632336,0.31006652742615176,320,24,25,0.6338062536046913,0.32259820693590846,0.7220979027495814,-0.6360753491015145,1.4538692270392954,-0.3789531168010481,-3.5998390034091705,0.8402895186683627,-0.05091650096171557,0.7178635910492591,-1.6568689612555572,-0.02247143832788876,1.2498005124383025,1,0.8493096477940978,1,1.3522755636771293,1,0.037256201832600644,1,1.6839290229857236,1,-0.20568961111674697,1,2004-02-26
2004,1,0.5626054045529666,0.5744965587763249,0.5059659594364444,0.6027063032907762,0.49646609663734004,0.13821601848501497,0.999933615160262,0.9998624435247621,0.5784110847976993,0.4786677488466751,0.48261650970099823,0.33218966445953324,330,91,17,-0.5667816322417084,-0.16028254292079672,-1.8786738333793191,-2.24409398909786,0.45282798097155164,-0.26087675857543674,-5.662200447854062,0.10223882862427991,0.16393369350223,1.004618976326528,0.028556862583815696,0.08559381967552575,-0.10891683129301989,1,0.30205483518982595,1,-1.2112631153502804,1,-0.9411592648551387,1,0.49497535137813686,1,-0.015150810759628415,1,2004-05-11
2004,2,0.5727799449379924,0.5427511909101205,0.709374155333069,0.6034415181824386,0.6977903075391753,0.1987395199333749,0.9999268578067131,0.9999233012742479,0.999770522597828,0.4721506409965638,0.44374678603962237,0.3992434344324436,386,28,41,-0.3726232300328037,-0.7422420612211362,0.5299147721719843,0.579940060501595,0.46434531566526815,0.02750138938516067,-0.995800695431042,-1.0348931790964615,1.1175843385432827,-0.5867595144007981,-0.5439823949775243,0.41313249293377297,0.10315891096038403,1,-0.3227764604614023,1,1.1017686391336743,1,0.8535311763495778,1,0.48365432987903256,1,0.4502098514817997,1,2004-08-09
2004,3,0.6283635870272678,0.6401951131660653,0.5552053170690366,0.6768932823653202,0.6185416976563367,0.0921760095989157,0.9999359850626206,0.9999240888981149,0.02023485302925113,0.4574544567524091,0.4664756107327724,0.2935007203778856,271,138,22,0.6880665631777333,1.0441104641731653,-1.2956228151263458,-0.5317035500211562,1.6149865248298003,-0.4802449738461766,-0.935407929528646,0.5010475941560283,-1.0993704495155965,0.34378897756423965,-1.8350677367659447,-0.10339071347428683,1.2825379668801256,1,1.6395455592820873,1,-0.6440394942800032,1,0.11339812556103611,1,1.6245903148452123,1,-0.4134671375909525,1,2004-11-16
2004,4,0.6278457314933471,0.6175184068371016,0.7074600161160395,0.6497578946269188,0.6153501597300574,0.31085350507027426,0.9999404326677904,0.9999323102660128,0.9999223754712148,0.46532450934269864,0.4743806272366196,0.47824094031040576,289,177,13,0.6781844457320099,0.6283986303250785,0.5072491470861628,-0.5764721932659354,1.1899035372963387,0.5616942668717141,-0.3050167394582045,1.249493588535682,1.1179280227655057,0.6674309293995545,-1.1436699310757865,0.7990129330109182,1.1639733102412957,1,1.0226860765011097,1,1.0639500576697758,1,0.08099192908848621,1,1.0345333571008788,1,1.3909515862654238,1,2005-02-28
2005,1,0.5739065500457247,0.5726598076887742,0.585291276305246,0.5578603329878578,0.6445322576398315,0.0005145519971847257,0.9999374942759459,0.9999411459604743,0.0009737193584442139,0.48711806833039595,0.4719683728279044,0.000483298854330532,284,97,4,-0.3511244851892918,-0.1939540625785215,-0.9393702153528211,-0.16712630403192508,-0.24969594162652434,-0.916987078152706,0.37247927043551526,0.7550190293137568,-1.1429636170147899,0.5686700065374726,0.7709321239174138,-1.5346978200866581,-0.035009579344936904,1,0.10582351401722918,1,-0.34878673018669204,1,0.3510100737064175,1,-0.41257950816466665,1,-1.2026518095382366,1,2005-05-26
2005,2,0.6065951584350376,0.5875917113676857,0.7813442477717731,0.5744576419016084,0.7160640965926409,0.21382522202717766,0.9999331062354031,0.9999403316200187,0.9159504737704993,0.477645751576786,0.43032387505495845,0.39516479651223985,320,137,12,0.2726646723673794,0.07977921116745346,1.3821240148931293,0.8362718860233033,0.010305268825629006,0.09938068794504315,0.31003795223666286,0.016596610496460686,0.9278768430878905,-1.1363114487040429,-0.06122737477877911,0.3932095019725784,0.6647875393299284,1,0.3961675806128263,1,1.8816919170370927,1,1.0269282861278388,1,-0.14243777697766105,1,0.5613740142471212,1,2005-08-04
2005,3,0.5972861010493415,0.583196528681631,0.7536459895202758,0.6426471423355851,0.5298678510143757,0.2526514382334426,0.9999366723350249,0.9999336682805733,0.9903135392814876,0.46690029296246366,0.484738275286625,0.4392156409898093,326,158,12,0.0950220821686316,-0.0007937533544488078,1.0541445599645838,-1.775557734791615,1.0785117319994884,0.2843771282358225,-0.20088803173720854,0.6167022573783044,1.096180621358601,1.091486898124673,-1.0052345998694494,0.6083853997918588,0.43638884525870536,1,0.2953076114010594,1,1.3720525308289464,1,-0.818581003821046,1,0.9469489985599813,1,0.85393201710123,1,2005-11-09
2005,4,0.5910205965276143,0.5802973814851465,0.6990620462007805,0.576240848294265,0.6462746538272327,0.00026770830154418943,0.9999363379407441,0.999935642334458,0.00044308900833134324,0.48089719852335894,0.46641991790065335,0.0001772907400533965,417,165,5,-0.024541092278205043,-0.053941233423312945,0.40780745763754656,-0.1426851991142824,0.03823966608159743,-0.9181632217346385,-0.049523174564293865,0.5604301625165363,-1.144164577359491,0.3415088385055205,0.22441789358349667,-1.5361925830477425,0.2836541154303383,1,0.22719355225515575,1,0.7053757158111645,1,0.34621786119077974,1,-0.16070695078733363,1,-1.232620231649994,1,2006-02-21
2006,1,0.6012126874082603,0.5875599225029969,0.7459954966361693,0.5931750445306639,0.6495239981958945,0.26061107581881515,0.999932510186045,0.9999347439224948,0.9839951991685668,0.4741237715302309,0.46155711585139875,0.4226480391438598,345,142,12,0.1699522219816258,0.07919645426069535,0.9635538642146677,-0.09710568786290417,0.30351830506928656,0.32230265287298804,-0.11841085769208809,-0.08370697704856726,1.0818805046797528,0.14241921663773763,-0.37063944641820706,0.5274573575671561,0.5089407710406954,1,0.3756216858932557,1,1.1741012949334912,1,0.36915227768241354,1,0.12119544143650733,1,0.9314621391394245,1,2006-05-31
2006,2,0.6500756780170353,0.6439777738413185,0.7126517899154611,0.6600955375708311,0.6359480876341806,0.0016210079193116345,0.9999418151965074,0.9999381401496066,0.0016210079193116345,0.4654335754867285,0.46937853628176707,,303,169,1,1.1023933765433567,1.1134546089234152,0.568725761441672,-0.28753898701186004,1.3518454335764363,-0.9117151143372081,0.14200221192349585,1.4821464524498689,-1.14149862751124,0.4626386333811504,-1.1340882806621213,0.0,1.6311941080637473,1,1.5902110115658044,1,0.7609490331553757,1,0.22151065489681115,1,1.244875903976769,1,-1.1962628903795254,1,2006-08-10
2006,3,0.6685989723426247,0.6788982867983486,0.48227501082543645,0.6803894074003813,0.6902328698410417,0.0011103749275207643,0.9999374223247287,0.9999371012512711,0.002337455749511719,0.4523549265515693,0.44056443533520084,0.0012694891062683608,293,118,9,1.4558691202924021,1.7536212305522934,-2.1592021013168363,0.4739296542436901,1.669754243243168,-0.9141481427135633,0.06234243192193585,0.7429110300078974,-1.1398771118310034,-0.7170492099254331,-2.2830703327411785,-1.5308575033952578,1.9189940639729834,1,2.2028846344677295,1,-1.7003601676678064,1,0.7810641980153025,1,1.512739706853612,1,-1.1361447332324808,1,2006-11-14
2006,4,0.7298350897615474,0.7243093194508545,0.7755072729417648,0.7540621823081953,0.7111497487830339,0.0008417566617329916,0.999940174591029,0.9999412831712107,0.0014019608497619629,0.4167817676766988,0.4479204787866999,0.0005410996014629456,297,151,6,2.6244237935858545,2.586101194223071,1.3130074731310029,0.767336880721474,2.823857643555913,-0.9154280362448777,0.38300020082552055,1.2060642572570772,-1.1419943904168035,-0.4158829493275103,-5.408234199866993,-1.5344154798090461,3.0414235404102916,1,2.8354081049866906,1,1.416649274748164,1,0.9739383725102115,1,2.6037855758458894,1,-1.083131114317528,1,2007-02-09
2007,1,0.668038182629013,0.6558481515215928,0.8149436857184367,0.6811099021683271,0.7244253116658421,0.14700083781233686,0.9999411014359794,0.99994220015069,0.8469901740550999,0.45299522121076785,0.4299096721726247,0.34293919526724276,356,130,23,1.4451676998203513,1.3310636568314653,1.7799802715426423,0.953557114446514,1.681040983326384,-0.21901946567008393,0.45331158847229336,1.3620343499269438,0.771800988589029,-1.1532694688712446,-2.226819333489758,0.13810223285390877,1.381130566585206,1,1.2187805192823264,1,1.7243315557743109,1,1.0748996384771006,1,1.1792004404876815,1,0.12327660148333708,1,2007-05-10
2007,2,0.6243201879408502,0.620659232928343,0.6550722100459098,0.6069706360444593,0.7302185074687894,0.2296143173173802,0.9999401736225991,0.9999412485536595,0.9995645102535491,0.47168973614773924,0.43124965584713326,0.4270882955754965,379,159,26,0.6109073130884437,0.6859765940402159,-0.113083146871515,1.0348199796043305,0.5196298753925079,0.1746114652266074,0.3803458251129369,1.205901289222437,1.11711807675493,-1.0984087444648702,-0.5844736874375565,0.5491467525278309,0.514137742096511,1,0.562525963035172,1,0.05925971040397994,1,1.0903843273557523,1,0.05184775519139703,1,0.7895337908841451,1,2007-08-08
2007,3,0.5962564733482689,0.5803461280011631,0.7270449054388846,0.5747083264462861,0.6830132980896125,0.3421521359856949,0.9999366083575296,0.9999428373277623,0.9993565712415148,0.4822732308582528,0.4578390771995603,0.4862539065037494,398,134,12,0.07537393475899506,-0.05304760701774072,0.7391569178426647,0.37265859321117667,0.014232308166557803,0.7108237950896471,0.5021685205421789,0.6059360813666012,1.1166474543950962,-0.009802260154184084,0.3453047270562724,0.8381540031832782,-0.01254029424451656,1,-0.14537401241974976,1,0.7636839300477155,1,0.5512837654825009,1,-0.4253679632776988,1,1.6836026263233355,1,2007-11-08
2007,4,0.6464691583996399,0.6608380049524339,0.5607754349823745,0.6504334624214163,0.6651347403495959,0.16791080646362389,0.9999392049627204,0.9999404924012196,0.9005841825972315,0.4637391970586441,0.46432922518033437,0.38849319116576575,328,238,12,1.033570996371855,1.4225381897850757,-1.2296661683034174,0.12187079382347407,1.2004864845213747,-0.11938910904378694,0.32236619904915265,1.0428945522287607,0.8930987601148763,0.2559130813856446,-1.2829423720098376,0.36062059959513454,0.9263794395863639,1,1.2697518771805705,1,-0.9021416805276129,1,0.34847522965770855,1,0.7197406390022739,1,0.1931626488576861,1,2008-02-22
2008,1,0.5382805440564571,0.5394189895519501,0.5283567361523482,0.5338003493437306,0.626659826466714,0.00412435256517853,0.9999348485507653,0.9999414562538732,0.0003523826599120206,0.4840010327895492,0.477495803073718,0.014300673372214204,403,99,13,-1.0309673221336642,-0.8033283370347805,-1.613541106403177,-0.41782816425983604,-0.6266019149647308,-0.8997873527998468,0.39627168885176217,0.3097946134663805,-1.1443698704179095,0.7949703959823315,0.49709513128298655,-1.467203859354423,-1.132847254265512,1,-0.8970660512213665,1,-1.1952020410065916,1,-0.07355480749813718,1,-1.0656005482023143,1,-1.1281640415957042,1,2008-05-14
2008,2,0.5211759505859672,0.5094134042061357,0.6160476361413307,0.5069118804198283,0.6290212389362786,0.22469492746744504,0.9999321893046726,0.9999387043804745,0.9998681417491753,0.48663243724577404,0.47907628092936605,0.4221318516804028,399,127,27,-1.3573703254133782,-1.3533939739417538,-0.5751792960887921,-0.38470393548811277,-1.0478168543111763,0.1511719004282806,0.1852658357774846,-0.1377051105710792,1.1178052771488987,0.8596772739231295,0.7282685886448795,0.5249359280188765,-1.4085682697040212,1,-1.3928966976428625,1,-0.28165663388275153,1,-0.04636540350615609,1,-1.433559771818651,1,0.6826904962399469,1,2008-08-15
2008,3,0.46279399229331264,0.4569101091887772,0.5222723758500291,0.4313766278953683,0.5696117230226638,0.18176756153512877,0.9999201616716163,0.9999396834991785,0.9966754522174597,0.47973903324201783,0.49084819394430923,0.4036662718944367,364,136,11,-2.471459739870985,-2.3158900586070907,-1.6855869786534892,-1.2180587270391143,-2.2310964564578706,-0.053365411329046125,0.26034188306077516,-2.1617233044380235,1.110579355149305,1.3416351424661686,0.12267105962538914,0.4347368011616825,-2.4139805513358708,1,-2.2287263048756754,1,-1.2163724809192722,1,-0.7099854824410348,1,-2.4857029505861257,1,0.31897482723454873,1,2008-11-17
2008,4,0.45899684450623696,0.4417513870604328,0.5534799358316532,0.3936119288860113,0.575919656419589,0.2513900618492202,0.9999223140985123,0.9999346690179663,0.9849035535007716,0.4751362074138453,0.4789837882014068,0.4332400703599226,371,227,11,-2.5439198333386686,-2.5937813927078843,-1.3160533271333728,-1.1295754859240748,-2.822690401344878,0.2783670102344102,-0.1241543246466635,-1.7995114562747316,1.0839363568029556,0.8558904978939162,-0.2816951934666211,0.5791964298522901,-2.2390200565680187,1,-2.2771266734568454,1,-0.8582679471594796,1,-0.6218727681044893,1,-2.7476550788180982,1,0.8853670746206312,1,2009-02-23
2009,1,0.5200245644897847,0.5033995225204527,0.7173375625994882,0.46104815186761416,0.7091739901398251,0.29364322788415637,0.9999268918472808,0.9999412423108879,0.9999144124129089,0.4893451783900955,0.4467734226645939,0.45686159134560717,351,125,13,-1.3793419601310846,-1.4636411036542165,0.624210736593249,0.7396223318491932,-1.7662842276300672,0.4796919414600589,0.3798671470768833,-1.0291648094307326,1.1179100002056468,-0.4628449616196226,0.966587615496549,0.6945808690436837,-1.060780564347349,1,-1.136616001750297,1,0.8024930454366943,1,0.9098477890655683,1,-1.579930198655773,1,1.2095047459338881,1,2009-05-06
2009,2,0.5177174602176321,0.4905215399160223,0.8214052369189414,0.4593564439844006,0.761286960454692,0.4531162771318949,0.9999305677993107,0.9999443908964167,0.999940044588584,0.4884444686038929,0.4151237856771991,0.5193767609768037,401,99,11,-1.4233678976436768,-1.699721674046124,1.8564925208505882,1.4706263275221665,-1.7927852766647432,1.2395379763252174,0.6212917619610867,-0.41057312531191653,1.1179680127684932,-1.75862344411798,0.8874586944887647,0.9999497651965581,-1.0643489118563418,1,-1.2931829619292523,1,1.829127723366444,1,1.4806841388149106,1,-1.5199127410503244,1,2.471895500065315,1,2009-08-05
2009,3,0.6518207282341277,0.6301741050019876,0.8564797115198168,0.6041096934030507,0.8098311331248593,0.41010520466322004,0.9999382111316664,0.9999453179720149,0.9999067482494866,0.476394367810293,0.38027831334139356,0.4729758668825419,330,118,12,1.1356937664483024,0.860404258321984,2.271814919719419,2.151569746677215,0.4748124562755951,1.0346018255161238,0.6923772913861226,0.8756519929050255,1.1178926541259444,-3.1852437015070745,-0.17116361475983038,0.7732945406540608,1.126112911603222,1,0.8551063070004721,1,2.0590298873836543,1,1.9588219987247684,1,0.29669954316023217,1,1.9091237144348845,1,2009-11-11
2009,4,0.6178510552796291,0.5997728877689353,0.8206101104976066,0.5904605327788818,0.7939176987943332,0.22293231258445304,0.9999351979407948,0.9999450000239449,0.9997431301540928,0.48063129346586114,0.39162152325681177,0.41015697614415364,483,120,20,0.48745834992656323,0.30308585485418366,1.847077303189579,1.9283473126035338,0.2609947643605135,0.14277351627400767,0.6679979344827113,0.3685902030125704,1.1175223420165792,-2.7208375114229715,0.20105767188653761,0.46644205292191665,0.5455389220672774,1,0.37543619658226673,1,1.5803518756010428,1,1.6587429270124485,1,0.12538863033232048,1,0.40911453757815414,1,2010-02-11
2010,1,0.5835846845005137,0.5740841593205773,0.7125918158912291,0.5589943311950778,0.7323241596198269,0.0042433398110525945,0.9999315476852644,0.9999453532182088,0.010070562362670968,0.4858729189023147,0.43406253469286027,0.005534412513946258,446,101,7,-0.16643888259732614,-0.16784269436165214,0.5680155995391123,1.0643565829989505,-0.23193156138512802,-0.8992204106901711,0.6950798696387918,-0.24567725686108732,-1.1223749949962343,-0.983245721153749,0.6615435814070455,-1.510024560593336,-0.019256537224261835,1,-0.02295886991895727,1,0.5201844563151171,1,0.9246893612506392,1,-0.26637872535404955,1,-1.2292044591509086,1,2010-05-10
2010,2,0.5803204497739245,0.5724666918311042,0.6852926291072302,0.5606516148676279,0.682858899210529,0.28770496895190767,0.999934209521598,0.9999455331635545,0.9996860933868449,0.4824538774981104,0.4510866394364284,0.4420984835031016,436,135,18,-0.2287295193205467,-0.19749428337481098,0.24476161294865562,0.370492794622926,-0.20596977666660454,0.45139774049659565,0.7088775687631045,0.20225835466189113,1.1173932523487151,-0.2862560963027755,0.36117484850335946,0.6224672689007501,-0.07263166605961532,1,-0.04772211221554491,1,0.25964457405136554,1,0.3779927539563588,1,-0.24178333551748823,1,0.9131899194826159,1,2010-08-05
2010,3,0.5822213296732783,0.571468714001903,0.7058764098940932,0.5413421548870294,0.7531894388724327,0.29330451409175745,0.9999352112790802,0.9999457463454746,0.9669470950961113,0.4856861419795723,0.41601944994919476,0.4533387164356283,456,131,13,-0.19245546761077734,-0.21578932091238617,0.48849741545093167,1.3570400054239422,-0.5084575470770005,0.47807806166455413,0.7252237542145652,0.37083477867864556,1.043296023149435,-1.72195375050801,0.6451349039482674,0.6773726229669095,-0.04003156495253371,1,-0.0627849907725002,1,0.44832288441363793,1,1.1259871892819726,1,-0.4841350934690497,1,0.9330445938906106,1,2010-11-02
2010,4,0.6244831469218157,0.6065163521737288,0.735530926509389,0.5684275321664455,0.7471486467690344,0.28590834686474415,0.9999308988626581,0.9999419729625515,0.9998682506004116,0.48182822038726975,0.4216614265846877,0.4877294665204593,391,198,7,0.614017021652422,0.42670777390798553,0.839641234941042,1.2723040339770377,-0.08415798653998903,0.4428373211936348,0.4358914458886611,-0.3548615621698133,1.1178055235087578,-1.4909636786173943,0.3062097833291547,0.8453616959107911,0.6737753503881728,1,0.4960027983378254,1,0.7214822038888139,1,1.0292072427139831,1,-0.12845113277660566,1,0.8558597351011645,1,2011-01-30
2011,1,0.5601934534150399,0.5414145988803951,0.7403982305840355,0.5072660558400689,0.727628105840586,0.3361652581297676,0.9999302409982193,0.9999400053507997,0.9999022151241661,0.48893549276050047,0.422842619100322,0.5141653369216408,408,137,6,-0.6128083382573439,-0.7667446109178786,0.897275751988256,0.9984836524064504,-1.042268603178809,0.682297938078025,0.28502055321167213,-0.46556743314405596,1.1178823944343412,-1.4426040767029513,0.9305960205135253,0.9744934348290964,-0.4312558262313766,1,-0.5583549021221434,1,0.7541725046621018,1,0.7946274289713963,1,-0.9230789358757991,1,1.2131943485647967,1,2011-05-03
2011,2,0.553867719750532,0.5466195175231748,0.6322666418015374,0.5311618631632429,0.6811085630757248,0.19524593956561553,0.999929010042979,0.999938781403398,0.8111715118633586,0.4855631354341997,0.46032649199441533,0.363496433195866,433,128,18,-0.7335208515132262,-0.6713274792307948,-0.38312748591296625,0.34594031372264483,-0.6679344950988346,0.010855421916382444,0.191171735258022,-0.6727134102893226,0.6907336450355075,0.09203582947398163,0.6343285650349735,0.23851851727334733,-0.5337652576276835,1,-0.4651123664164235,1,-0.2931976263213372,1,0.2798863233837674,1,-0.5907250703978315,1,0.12956731845097041,1,2011-08-12
2011,3,0.49847615654607824,0.4866457087969472,0.6346577550805199,0.4483982093638904,0.6689768529770975,0.000543902317682865,0.9999212901297142,0.9999379855609731,0.0013893544673920233,0.4802685635947017,0.45622769927549967,0.0010128000476923122,417,140,6,-1.7905452477658892,-1.7707738294527615,-0.35481393555206175,0.17576524016878364,-1.9644489048202003,-0.9168472317977405,0.13014879363327042,-1.971825615476073,-1.1420229220778992,-0.07577422823717431,0.16919122193582953,-1.532111356738923,-1.4856416282392233,1,-1.4407544830882202,1,-0.26636427141074076,1,0.1447003127095956,1,-1.6698772967621387,1,-1.3371315947633378,1,2011-11-16
2011,4,0.5057719224222099,0.5003647847252017,0.5698164644778848,0.4645904996650257,0.6170816371603419,0.046426946918169655,0.9999255893097143,0.9999339266330936,0.002133738994598489,0.4901798498772444,0.4683397398421368,0.15897605288143798,377,189,12,-1.6513218340493614,-1.5192742452494115,-1.122609908700159,-0.5521842489728329,-1.7107924174844797,-0.6982269089803067,-0.18107829268519846,-1.2483567086510001,-1.1403381780782507,0.42010891733085504,1.03991495709512,-0.7605056099237232,-1.3067971900658646,1,-1.168344899159173,1,-0.8967022100625645,1,-0.4268337563387922,1,-1.3898465395490451,1,-0.9523351746835821,1,2012-02-15
2012,1,0.5338572971890612,0.5172745899518035,0.6784468673104129,0.490218350448565,0.6623859744875775,0.08018901975204548,0.9999209900022834,0.9999390746146674,0.011494833230972206,0.49110506875948623,0.46097231508892816,0.2725107416748324,373,169,12,-1.1153751196213098,-1.2092818663391605,0.1636998652277707,0.08331304483767832,-1.3093253929425104,-0.5373597449506264,0.21365434439787628,-2.0223312617298084,-1.1191514838786003,0.11847669101383192,1.1211970448100606,-0.20592081400248102,-0.7908120654076032,1,-0.8648080348660747,1,0.18562958815614478,1,0.08112001394436183,1,-1.017457704912682,1,-0.6797538265065682,1,2012-05-10
2012,2,0.516055919353196,0.49658828284906575,0.6779446860717527,0.4669007337474945,0.6294716203914796,0.41988471780787223,0.9999161577507039,0.9999407671919471,0.9780128243437504,0.48923627748073223,0.470762516937747,0.5088018573747889,364,162,5,-1.4550746978760005,-1.5885054862279144,0.15775345778815456,-0.3783863020594335,-1.6746019928203901,1.0811985659743302,0.3434363732444659,-2.835505813078377,1.0683407685334612,0.5193006530727825,0.9570204812356762,0.9482943564546316,-1.080016316314739,1,-1.182656544801188,1,0.17855669461082113,1,-0.2888907595424838,1,-1.2921848335363286,1,1.8843246387548482,1,2012-08-02
2012,3,0.5852670815291421,0.5841081863947357,0.5972037014135276,0.5601962474397438,0.6514239437188962,0.0017468432585398357,0.9999275399342877,0.9999413334560814,0.004991859197616577,0.48538781709940587,0.46379412606095105,0.003934030722771179,367,192,6,-0.13433408900485713,0.015918854475748777,-0.7983133063437458,-0.0704545919748034,-0.21310322721967948,-0.9111155429111302,0.38685590219835486,-0.9201042912777548,-1.1338694771766085,0.23400540752585042,0.6189265444533991,-1.5178419723331966,0.1226509693032165,1,0.25709375129758666,1,-0.6319337070509217,1,-0.03680295078790824,1,-0.07335834794546546,1,-1.2650597725106008,1,2012-11-02
2012,4,0.5605182165445349,0.5549848042313716,0.6134672481618728,0.5216342050157274,0.6867019051097043,0.30889396640446243,0.999934945586574,0.9999398167401523,0.9995104845729658,0.48893827416971486,0.45058624784585355,0.46734581601433123,448,156,9,-0.6066109585298115,-0.5179741382437114,-0.6057340781015215,0.42439977115330657,-0.8171877664575429,0.5523575940457683,0.2705584233116284,0.32612386473216937,1.1169958019925417,-0.3067427974977454,0.930840372149743,0.7457933368813995,-0.3043044324884724,1,-0.21959481197540123,1,-0.4586763742398873,1,0.3677193038107259,1,-0.5664863486947147,1,1.0032724855013926,1,2013-02-06
2013,1,0.5820556150776539,0.5706556451773136,0.6621811178057604,0.5743226346529222,0.6871707891329877,0.08009896007890349,0.9999304753000615,0.9999443325734318,0.00022789239883418415,0.4765091388049031,0.45857069567377096,0.2767401844504354,389,148,25,-0.19561776093230027,-0.2306945865718469,-0.028905446200135163,0.4309769455583814,0.008190344758080557,-0.5377888549843343,0.6168197207743478,-0.426138961276523,-1.1446516256300343,0.02015117901663552,-0.16108078330223494,-0.18526118403831426,0.07316531852635666,1,0.040344302826627536,1,0.04230908973538466,1,0.3688501835822574,1,0.12103106646296577,1,-0.6817470427937742,1,2013-05-09
2013,2,0.5267120683684109,0.5089257463037612,0.6635098101303489,0.5159524843533122,0.6045316921202127,0.05107145289366599,0.99992419010523,0.9999426099017,0.0010700821876525879,0.4811630889063218,0.4788489999002082,0.21792116205511286,388,182,21,-1.2517258695064064,-1.3623337713684938,-0.013172190324281125,-0.7282260273320573,-0.9061934153465073,-0.6760970916473101,0.48473013463649745,-1.4838157819248812,-1.1427455218067835,0.8503720845087884,0.24777682609704466,-0.4725754478820075,-0.8988807993539933,1,-0.9854189452999387,1,0.05553491238734835,1,-0.5996724022944898,1,-0.6411711145583633,1,-0.8840118937678375,1,2013-08-02
2013,3,0.561915029258323,0.552963044201671,0.6314245602864449,0.5447877251489771,0.6200300646996331,0.2500880431753103,0.999934740117169,0.9999428079878271,0.9998609839916753,0.48101050261781,0.4715765818755735,0.46277362210883544,421,167,8,-0.5799559044014383,-0.5550372618453142,-0.39309870626255267,-0.5108257867867083,-0.45448178248409465,0.27216324269276176,0.49991881745940075,0.2915473348240042,1.1177890772030936,0.5526295607696399,0.23437185531125132,0.7234594647323681,-0.2636339445666571,1,-0.2343497535378986,1,-0.27807467839300376,1,-0.4095462781589323,1,-0.2539764445828879,1,0.5910255022618645,1,2013-11-05
2013,4,0.6390908505493955,0.6279774288231716,0.7315983468902167,0.5967805029767529,0.7440208594431985,0.12367953319783108,0.9999341013055527,0.9999446365211042,0.482346093654633,0.47642793174338677,0.4265702558480235,0.3113165964407914,417,232,13,0.892772453243832,0.8201345529503704,0.793074937946916,1.228429639196109,0.35999876012916815,-0.3301391872958121,0.6401255668671371,0.18404768566321306,-0.05348742621386491,-1.2899896410250482,-0.1682149648715176,-0.01636520527489668,1.1092821937943178,1,1.0266386827752052,1,0.7744229779077622,1,1.0638956829479194,1,0.43711279373594464,1,-0.3498540185748307,1,2014-02-08
2014,1,0.6086329241299231,0.5989840637753133,0.6564220909805851,0.5625840600152436,0.7047819711530876,0.10228512116840908,0.9999211024623946,0.99993948908741,0.2861921906471255,0.4828849481357331,0.44399009624822916,0.2702361597237942,397,227,7,0.3115508840705995,0.2886250480591007,-0.09709899331379704,0.6780141869098761,-0.1756975150533855,-0.43207778585846723,0.24543493964137664,-2.0034063984474724,-0.49743688918795026,-0.5767980689342849,0.3990451536290885,-0.21703150255528258,0.5460895741794439,1,0.5202702189673177,1,-0.028265393005346785,1,0.5779841861860422,1,-0.024308233289728358,1,-0.5054375049347586,1,2014-05-06
2014,2,0.6366629737253182,0.6231991987795023,0.7182376101617325,0.6124473291946007,0.7000043003608291,0.33433850464098214,0.9999303028511349,0.9999416226237372,0.999925132300632,0.47561471842053266,0.4499598657271298,0.5155658547261721,409,185,6,0.8464418410407846,0.7325395228262314,0.6348683420713366,0.6109963904179593,0.605423714364321,0.6735939507793722,0.4090284585108888,-0.45515878282272193,1.1179342622178974,-0.33238771947859486,-0.23965716942210352,0.9813345676059122,1.039524137838579,1,0.9231456581464351,1,0.6286583526740335,1,0.5138753875466548,1,0.648008513316744,1,1.241047653744156,1,2014-08-01
2014,3,0.543269936051392,0.5291015885588501,0.6473600622965993,0.5170669429095511,0.6320013035034958,0.137101196805036,0.9999320854549296,0.9999380810491857,0.6365407288074503,0.48788343462147865,0.47038628197569315,0.3461209247325376,423,189,14,-0.9357559080479563,-0.9924680482947652,-0.2044039076276732,-0.34290169138578863,-0.8887351288781018,-0.26618858296902315,0.1374705591472814,-0.1551810152924532,0.29549683777479635,0.5038970903593416,0.8381708835232535,0.1536440800632508,-0.6454891979352346,1,-0.6845287059573693,1,-0.13670106735461898,1,-0.3077548109518877,1,-0.6532253808623024,1,-0.26009836954168136,1,2014-11-06
2014,4,0.5622758139903851,0.552934091898287,0.6289523554227344,0.5267242893137534,0.6313164478467679,0.1250766160846979,0.99992746841599,0.9999418904255435,0.3000775677588533,0.4904587271635999,0.47148982267415956,0.3533494736962499,391,252,8,-0.5730711327589154,-0.5555680186033403,-0.42237247489844254,-0.35250836355401344,-0.7374502568608035,-0.32348246443905787,0.42956274203452827,-0.9321394386021863,-0.466010516235747,0.5490775229881105,1.064414811655295,0.18895349425596714,-0.29650864221193207,1,-0.2702294065017632,1,-0.33394738865271456,1,-0.31301380921805866,1,-0.5132210634745118,1,-0.3481523685280478,1,2015-02-10
2015,1,0.5601248200214928,0.5498971347323969,0.6509342681943743,0.5249535207668644,0.6538355190661584,0.00011694431304920538,0.9999250022534397,0.99994411016487,0.00011694431304920538,0.4844674684816332,0.4638795093443033,,469,182,1,-0.614118053441029,-0.611241845941209,-0.16208117052591792,-0.03662671373136729,-0.7651898119907494,-0.9188815714457574,0.5997660625803029,-1.3471469340458875,-1.1449027312279707,0.23750111338108462,0.5380723179412239,0.0,-0.3325509507849733,1,-0.31975298902371063,1,-0.0916928027983323,1,-0.035308400960824535,1,-0.5317836013352017,1,-1.2932961594405818,1,2015-05-08
2015,2,0.6016010572468257,0.595873268433629,0.6322856401746656,0.5869865891950324,0.6289442555372777,,0.999936515770969,0.9999421433974931,,0.47926020690456195,0.4694636168391284,,406,217,0,0.17736339383494715,0.231597611293914,-0.3829025231731957,-0.3857838043178897,0.20657452421573885,0.0,0.44895991417784176,0.5903555525654042,0.0,0.46612194522929884,0.08060533322450962,0.0,0.42653892863135423,1,0.47815516973594324,1,-0.2954528321144821,1,-0.341354482914101,1,0.33080088616261416,1,0.0,1,2015-08-07
2015,3,0.5644118420622025,0.5450947622016484,0.7149792179615896,0.5123087821611675,0.6562168356508895,0.00017261505126964227,0.9999318353409763,0.9999424248435389,0.00017261505126964227,0.4887757633715015,0.4637005779127241,,405,236,1,-0.5323098028311468,-0.6992794587504917,0.596285204891997,-0.0032232840691720686,-0.9632729687492827,-0.918616315404725,0.470540399318159,-0.19727035986279273,-1.144776733254148,0.23017542117882533,0.9165635159284403,0.0,-0.26045627428428303,1,-0.4107696433181379,1,0.6217283450959981,1,0.00019274361852496336,1,-0.7117731151374254,1,-1.2629511131385165,1,2015-11-06
2015,4,0.5460450237276998,0.5386197065951067,0.5931730569570149,0.5201559368546449,0.587416529036286,0.9999385964110843,0.9999263141216943,0.9999368224162026,0.9999385964110843,0.481986735266275,0.4802814273981338,,449,270,1,-0.882799551413456,-0.8179808786752081,-0.8460408045804385,-0.9683054648569555,-0.8403452260946235,3.84499872997638,0.040962149122941924,-1.1263848603441033,1.1179647351501873,0.909017582726989,0.32013559109932144,0.0,-0.598038229535623,1,-0.5202744923734669,1,-0.7397335724415055,1,-0.8606847127876662,1,-0.5930559456065658,1,6.2738343195820425,1,2016-02-06
2016,1,0.5875001275587483,0.5737799054745433,0.6933970529410634,0.534350262630102,0.6786474836425234,,0.9999347923658206,0.9999415434122056,,0.48854646032426957,0.4564502923678074,,391,228,0,-0.09172138781539005,-0.1734203087848103,0.3407273768387666,0.31141802707368066,-0.6179873786659071,0.0,0.4029547427661256,0.30033977312038107,0.0,-0.06666096922949671,0.8964188444824256,0.0,0.1801231435123661,1,0.10554344349648674,1,0.3883896506649553,1,0.29588501723217453,1,-0.3868900257870465,1,0.0,1,2016-05-06
2016,2,0.5046332855808472,0.5045230900858582,0.50516762977353,0.482286755804043,0.5512092850121559,0.0001840740442276001,0.9999284099976649,0.999935376807116,0.00031107068061828617,0.4896524235167999,0.48768144421586035,0.0001358517555542868,387,229,4,-1.6730501776844748,-1.4430437414848107,-1.8881269811302899,-1.4761951494024308,-1.4335759096442273,-0.9185617163962799,-0.06988305861277254,-0.7736894400039229,-1.144463370627391,1.2119841717704904,0.9935796341616477,-1.5363950007493794,-1.3760729570483827,1,-1.1274689728332856,1,-1.7312463846748656,1,-1.317311593181624,1,-1.1204392067025564,1,-1.0442285348486124,1,2016-08-05
2016,3,0.6050453325406873,0.5949818703504393,0.6580678752635,0.58629281526364,0.6475635599443852,0.00011038780212402344,0.9999326180972276,0.9999397199979285,0.00011038780212402344,0.47357787126741274,0.4670317496168539,,394,188,1,0.24308970308504058,0.21525640519123732,-0.07761100142856008,-0.12460533308490326,0.19570637306668434,-0.9189128114505892,0.26314050377065773,-0.06554761054886081,-1.1449175703897696,0.36655804754000215,-0.41859773380040854,0.0,0.5262729965906081,1,0.4990445133035231,1,0.015285788806684618,1,-0.07787086183531106,1,0.3695245845024973,1,-1.0266272751299323,1,2016-11-08
2016,4,0.6319464701149372,0.6252512620136457,0.6889042549766494,0.5824058416421056,0.7342687027550846,,0.9999340172907978,0.9999392399473436,,0.47996320492819017,0.4328305578714806,,442,214,0,0.7564378929163229,0.770158168050226,0.2875274458505824,1.0916332627399692,0.13481590872416468,0.0,0.22633158543753873,0.16990962610176352,0.0,-1.033684500490026,0.14236493207913264,0.0,1.0251185606340647,1,1.0348625138398997,1,0.3591945021411528,1,1.0210812918784322,1,0.31090791142024765,1,0.0,1,2017-02-17
2017,1,0.5877396809100526,0.5811505664205256,0.635162744348761,0.5680184688137073,0.6356941956633818,0.33339000452421413,0.999935699001071,0.9999413148987515,0.7999802996841028,0.4804132338461139,0.4715363431254376,0.5772538224811627,399,180,3,-0.0871500465878799,-0.03830055488063581,-0.34883427779024156,-0.291100404524657,-0.09056607157451063,0.669074603741142,0.3854329787357036,0.45290896387328883,0.665404897756798,0.550982132503416,0.1819007550968203,1.2826628168994276,0.1806058582173363,1,0.23079412831792928,1,-0.2477116981587848,1,-0.24351542332447834,1,0.1020341899078533,1,0.937479658601945,1,2017-05-12
2017,2,0.5524568896491313,0.5684738776089137,0.4851312453436056,0.5762086652455696,0.5300146185823679,0.19417093087686227,0.9999305450182874,0.9999338399706176,0.9468586920644158,0.4775814590709942,0.49180138497448567,0.40910593419988955,371,233,10,-0.7604433962091338,-0.27069098568433075,-2.1253809768291054,-1.7734989828534844,0.03773551015726402,0.0057332956797052125,-0.1877233257309891,-0.41440673125899297,0.997830520800563,1.3806600585214455,-0.06687558321408638,0.4613080107330568,-0.4868957131913447,1,0.0008955319245312307,1,-1.9437795683905967,1,-1.589925598986435,1,0.21957226527737655,1,0.10918370010412688,1,2017-08-11
2017,3,0.6145118879504213,0.6244381433890624,0.5620314078072355,0.6297045946973989,0.602059596013874,0.11319091124460096,0.9999394357502751,0.9999414510108181,0.21451902752742188,0.4699541167139144,0.47989931762215315,0.33241640507775977,465,205,9,0.4237377916690793,0.755251989451891,-1.2147939955204694,-0.7629028481024451,0.8757633184012374,-0.3801146398249772,0.3958696662460491,1.0817316374235253,-0.6596526890715171,0.893373497271438,-0.7369508728556443,0.08670138337101484,0.6960980172771324,1,1.0155007368990843,1,-1.02277786192573,1,-0.6393249626497901,1,0.9964164723091907,1,-0.36910129774176065,1,2017-11-17
2017,4,0.592774210401509,0.5792891675167929,0.7024058577499799,0.5902427835313651,0.6384072127305309,0.18170879229612183,0.9999362460672273,0.9999412192148156,0.9950887692742981,0.4776633480177698,0.4689654388904887,0.37166161108312146,429,249,25,0.0089227159099131,-0.07242392097129276,0.44740205883348655,-0.2530441144219763,0.25758366511402736,-0.053645430889982054,0.378096205711725,0.5449696252141619,1.1069882614737447,0.44572587349679826,-0.05968149683901313,0.27840309845632466,0.2739813556723284,1,0.1817875691759462,1,0.5488844675819761,1,-0.17202555207336268,1,0.4072931345144901,1,0.04089590964068274,1,2018-02-14
2018,1,0.6016850869372659,0.6082234281575332,0.5651556588153376,0.5923984774670352,0.62138421194584,0.5656391680240631,0.9999338259571232,0.9999425610185426,0.9008889973163606,0.47832023518033,0.4772761246429712,0.5926435692105398,408,196,2,0.1789669129932167,0.4580020755340971,-1.1777992454032165,-0.4918307642092973,0.2913531777230417,1.775679179364209,0.4809819126669594,0.13771186644134006,0.8937886384644231,0.7859764671185014,-0.0019728173137251157,1.357837370508525,0.44292183785221456,1,0.7087545310886477,1,-0.9859041879407344,1,-0.3880468886945468,1,0.4354090527380469,1,2.3377552671549955,1,2018-05-11
2018,2,0.592699184646288,0.5752425674946444,0.7082145771559293,0.5578620410845139,0.6601270368190979,0.00012168288230895996,0.9999357264459832,0.9999391460201877,0.0001393914222717285,0.4824524862544867,0.46403066952964267,1.9901496112842927e-05,381,232,4,0.0074910167660711974,-0.1466066303848051,0.5161840236522731,0.051626260306731946,-0.24966918384305067,-0.9188589934422644,0.2191295173292342,0.4575274121749089,-1.144851927334029,0.2436898136069754,0.36105262533171395,-1.5369613849237032,0.26555754832618506,1,0.09661915234268102,1,0.6228892282816849,1,0.11286311936807496,1,-0.0772526922837804,1,-1.0466201169751947,1,2018-08-10
2018,3,0.6157325982385546,0.6051492581016965,0.716274329538707,0.5868116418381932,0.6770142924128882,0.00012797117233270816,0.9999331065439037,0.9999362788963481,0.00015300512313841662,0.48111394460294854,0.4609425783836671,4.4254190936517235e-05,413,215,2,0.4470323239167227,0.4016460574716127,0.6116208258280766,0.2885087722883947,0.2038339278467749,-0.91882903143763,-0.0007134129249551388,0.016648525178274025,-1.144821115838075,0.11725923051553166,0.24345941358618345,-1.5368424289074192,0.7114541543669829,1,0.6480366493335086,1,0.7070110739371565,1,0.3305640620030047,1,0.35301407231138743,1,-1.0303455413783216,1,2018-11-09
2018,4,0.6189241175178462,0.6070701088035942,0.7035956083339313,0.5680208180946192,0.6919705739095249,0.5000336509365297,0.9999284580786479,0.9999349672652897,0.8999311580810172,0.48240769038436665,0.44510170405540384,0.7069255977036573,400,282,2,0.5079353485681483,0.43685930035840653,0.4614900835923797,0.4983049414261978,-0.09052926947099102,1.463086598615349,-0.10128556515747018,-0.7655983397778702,0.891620788589267,-0.5312873580819678,0.35711723024385716,1.9160727091780625,0.7662426559414532,1,0.6772105295600204,1,0.5570972012189399,1,0.522773935372358,1,0.06955480311026943,1,1.8775140106426893,1,2019-02-21
2019,1,0.6574377020976694,0.6497506791973504,0.7121009760554937,0.6298997059829003,0.7125956659444659,0.4600198400148656,0.9999382810237876,0.9999368348115241,0.9503532181144693,0.47364020899402987,0.43763011517151024,0.5332264790935437,426,227,4,1.2428811802600817,1.219284134489139,0.5622034874445546,0.7876191869502812,0.8788197880172978,1.2724315900600283,0.041912587240823716,0.8874134861479585,1.0057395806738751,-0.8371842032710336,-0.41312125611486283,1.0676017152478436,1.511717960699995,1,1.4647092047607375,1,0.6481259492869899,1,0.7881690437840637,1,0.9999395713806855,1,1.5901238994969829,1,2019-05-17
2019,2,0.6204243574803796,0.6041552533828131,0.7650668610978073,0.5663292220943779,0.7125290871589458,0.7439813613891602,0.9999350869751652,0.9999352366983658,0.7439813613891602,0.48342874515636985,0.4378192524047317,,399,233,1,0.5365640809759663,0.3834238554222389,1.1893809059035996,0.7866852667007125,-0.11702856582947459,2.6254315928087397,-0.0806262004898605,0.34991683210906904,0.5386641181853244,-0.8294406718951371,0.446818667528218,0.0,0.759919081211145,1,0.5915173958498838,1,1.2425208234843317,1,0.7785976118536804,1,0.029932413745188603,1,3.147405007300539,1,2019-08-09
2019,3,0.6309602694753426,0.6241604733212566,0.686265278195242,0.6005512624743045,0.6759122645967182,0.9867106406018138,0.9999349656354752,0.9999313521802833,0.9867106406018138,0.4739679023762708,0.4502078457613857,,331,216,1,0.7376184540822207,0.750161711727349,0.2562789045713373,0.2730503032720303,0.41906869964659865,3.78197109102134,-0.3784800378688587,0.3294977073342675,1.0880262848429008,-0.32223508510221976,-0.3843328226423713,0.0,0.9569323692437419,1,0.9572851737072783,1,0.3309008063380319,1,0.28826083876670827,1,0.548155115737666,1,4.211940618899802,1,2019-11-16
2019,4,0.6235577283313589,0.6233604145808016,0.6248863075851113,0.6213441901385394,0.6353663327594816,0.013340279459953308,0.9999332061270252,0.9999388556585472,0.037167555093765264,0.4747283323632156,0.4739505971958378,0.026472340900060676,311,265,4,0.5963574726115682,0.7354949483378209,-0.4705191901679821,-0.29569943412008975,0.7447953815827397,-0.8558759486996892,0.19686540965465127,0.03340643995906448,-1.0610471540165847,0.6498249241902415,-0.3175277259390348,-1.407748711120074,0.8006178973107685,1,0.9302816156363004,1,-0.36932930749345716,1,-0.25079546244366174,1,0.8599319265576901,1,-0.9063466992372796,1,2020-02-19
2020,1,0.5598431439567372,0.5531533526960245,0.6107261017276125,0.5006217119582143,0.6289661421366798,0.33334002785462263,0.999926932460221,0.9999298803631973,0.7998484347481281,0.487972519754713,0.47566658278497986,0.5771508455966343,299,266,3,-0.6194932126721946,-0.551548505937075,-0.6381924263927685,-0.3854767945366792,-1.1463539980413053,0.6688364784001894,-0.49133480071630414,-1.0223304364869157,0.6651064516559889,0.7200796700368717,0.8459971673925438,1.2821598039868303,-0.4519271788207994,1,-0.3856229104933691,1,-0.5285118908998159,1,-0.33435743134835516,1,-0.9907267086407264,1,0.6349126206670053,1,2020-05-10
2020,2,0.6076879037889567,0.6010137652001447,0.6556022420160993,0.5844568272315048,0.633771523265036,0.00011885166168201788,0.9999351188380388,0.9999346185133617,0.00011885166168201788,0.4805411108372621,0.4750997040956747,,277,270,1,0.29351727935593386,0.32583375417543076,-0.10680695451678213,-0.31807029699228956,0.16694513754281476,-0.9188724834443516,-0.12802687459202464,0.3552787379384328,-1.1448984143809018,0.6968708980664048,0.19313497114096817,0.0,0.49063931518189025,1,0.5115874067539712,1,-0.00853295920184334,1,-0.26754107936068106,1,0.30058918644115123,1,-0.9709213060736085,1,2020-08-06
2020,3,0.6333306281154288,0.6283453624793678,0.6672843292042769,0.6273941390903381,0.6410461539636647,0.5000174594424607,0.9999397187293653,0.9999364150135079,0.8999355827276304,0.47286334944915914,0.46868145558947516,0.7069620422358531,306,270,2,0.7828514600761376,0.8268795525430304,0.03152248676493206,-0.21602690787797246,0.8395694234961376,1.4630094505165012,0.00972366512206686,1.1293515493619402,0.8916308027641453,0.43409921721038497,-0.4813697180521815,1.9162507303948826,0.9925699246411924,1,1.0206954466588378,1,0.12662639567748393,1,-0.16759909541126816,1,0.9572923773096703,1,1.4428078110909248,1,2020-11-26
2020,4,0.5770739978326905,0.5690562118824725,0.637262308801451,0.5457619018732228,0.6310429155591779,0.00011150836944575637,0.9999405936887342,0.9999374304716184,0.0001312732696532537,0.48835465963102853,0.4735311617808248,1.8231345100947146e-05,356,260,5,-0.29068081126152234,-0.26001557077786686,-0.323973003174052,-0.3563452815797126,-0.4392210478183469,-0.9189074722497635,0.08758611510431691,1.2765903014401123,-1.144870300914366,0.632652677134515,0.8795688200492564,-1.5369695431383241,-0.1296843415373476,1,-0.1055029769969972,1,-0.2236010236346754,1,-0.30229140362761703,1,-0.3074944739313592,1,-0.9706493368342439,1,2021-02-08
2021,1,0.6312447516108362,0.6264674204046595,0.6618196713303665,0.6439826126483438,0.6090475305109745,0.7499174856939135,0.9999336910477723,0.9999410684831673,0.9999236169354845,0.46623235652812006,0.48108470513628215,0.49986322150729195,313,201,4,0.7430471609126249,0.7924529152522202,-0.03318539105836964,-0.6648810311148967,1.099432225776194,2.653715622848364,0.3665385301136133,0.1150092299797619,1.117930832535729,0.9419048480367666,-1.063913977135044,0.9046316521210597,0.9465567061683997,1,0.9798051313120028,1,0.06540739403685746,1,-0.6005212535480237,1,1.2112380571672576,1,2.6197662465561673,1,2021-05-11
2021,2,0.6383079849078536,0.6386918904057313,0.6357699430052182,0.6115236635080455,0.6667193845444372,0.00011706352233875617,0.9999332563100325,0.9999391456025478,0.00011706352233875617,0.4755649546234246,0.4614897908719249,,270,277,1,0.8778332091744158,1.0165532218948867,-0.3416443425037002,0.14409906504175407,0.5909542483921305,-0.9188810034456696,0.2190974938836073,0.04185127023724378,-1.1449024614250287,0.1396628419035936,-0.24402900553483683,0.0,1.0758677949555906,1,1.1990494432387295,1,-0.24193940810671882,1,0.1949983939003156,1,0.693136797674399,1,-0.9568127863330955,1,2021-08-09
2021,3,0.6271586096833798,0.6131009777475812,0.7208101576500372,0.6159824044561094,0.6533328818919237,0.2497472048562486,0.9999308255479263,0.9999381228830316,0.6990825082990342,0.4761084032121587,0.4663897972130396,0.4992527332117882,338,202,4,0.6650722590682769,0.5474178423279744,0.6653302835887736,-0.04367735353407537,0.6608015983217772,0.2705392401011589,0.1406782598920548,-0.3671990146183044,0.43704584084342074,0.3402756572559688,-0.19628610198425728,0.9016495897190535,0.8405016141567854,1,0.6989803842118529,1,0.7675207045873106,1,0.00918658767794088,1,0.7557951502825209,1,0.20440955727300925,1,2021-11-19
2021,4,0.5898241322085958,0.5925370571533455,0.5672430216390614,0.6326190866798156,0.5674537617977132,0.2944495369072525,0.9999319204704079,0.9999349894133047,0.9999327680954593,0.4723918262459022,0.48496482518182643,0.43870746250930065,314,297,23,-0.04737294430195767,0.17043782515425254,-1.1530824522046395,-1.2483290852323836,0.9214196020324726,0.48353378631701543,-0.09958731813911674,-0.18294472175794083,1.117951544091778,1.1007621539366494,-0.5227938514138937,0.605903091856728,0.08947940012727684,1,0.3038910511395339,1,-1.0645484933463165,1,-1.1823547578743536,1,1.0063736420017853,1,0.4102317786492834,1,2022-02-11
2022,1,0.6032537682815579,0.6000351771508268,0.6259280222174542,0.6181640921674446,0.5936930373297685,0.24855862266849726,0.9999293428147211,0.9999349378653278,0.6955651082564147,0.4778483879899717,0.4813480750413361,0.496616264889525,267,268,4,0.20890169646814394,0.3078941721804835,-0.45818408251591686,-0.8802630329309188,0.6949783102648674,0.26487596679739706,-0.10353987091367191,-0.6167143573262112,0.4290850109234259,0.9526875643138109,-0.04342541350569021,0.888771188747559,0.3576181668294061,1,0.444500179570658,1,-0.3542950082182669,1,-0.8023944431152685,1,0.7704897595252078,1,0.1935294731321023,1,2022-05-09
2022,2,0.609864701215001,0.6093803828866637,0.6133356492347516,0.5793501838146681,0.6678216169786912,0.00010502338409418277,0.9999300727431546,0.9999411850818433,0.00011608600616445087,0.4817062059840602,0.4574247124728979,1.9556137708976326e-05,338,199,2,0.3350566014461236,0.47921149480111763,-0.6072923618027742,0.15956040429629587,0.08694822499363243,-0.9189383714545433,0.37547898612982056,-0.49388150878016346,-1.1449046738091517,-0.026766906444733653,0.2954906058301698,-1.536963071901683,0.4882133789626733,1,0.6199374777867551,1,-0.5022736269356053,1,0.23365712461697447,1,0.16061755269695896,1,-0.9719543762517742,1,2022-08-10
2022,3,0.6521217911131265,0.6396834916090512,0.7379094744574104,0.5908140823383145,0.7335072084217291,0.00010532140731817075,0.9999335395405069,0.9999390070675872,0.00011662244796762921,0.4832556994803331,0.4291950032979384,1.9977606194242276e-05,296,239,2,1.1414388797741923,1.0347313624369112,0.8678059972315119,1.0809515572643098,0.26653321121867635,-0.9189369514543231,0.2084750257283785,0.08951348528606252,-1.1449034596959131,-1.1825289687605685,0.43161630397049405,-1.5369610131475138,1.33838642391604,1,1.1960640998732808,1,0.9949251091740587,1,1.1485601046143472,1,0.338704221039299,1,-0.9606333833657263,1,2022-11-16
2022,4,0.6052381376594015,0.5796778962548459,0.7786595223789178,0.5896284774811896,0.6492548721698588,0.09094330960546032,0.9999360274159699,0.999938928593474,0.0026152729988098145,0.4815720254151408,0.46811983032243126,0.30035735273046876,351,253,11,0.24676895859640946,-0.0652977036881838,1.3503337570730758,-0.10088079795897076,0.2479603992301607,-0.4861184565858857,0.20245785313265452,0.5081748443054797,-1.1392483360751313,0.41110552737587863,0.28370260951721077,-0.06989800658111785,0.3741997919515829,1,0.031582311026586055,1,1.4722417434437647,1,-0.039904087085574066,1,0.31793809429086556,1,-0.5236293160453066,1,2023-02-24
2023,1,0.5630460659347886,0.5422055805813798,0.7185720760348546,0.5485480247981165,0.6033337546906069,0.1174266319721937,0.9999349955614889,0.9999400259708636,0.2817634418606757,0.4876646246591079,0.4795146906966304,0.3317012441032672,346,213,8,-0.5583725929561952,-0.7522442487979777,0.6388288053525564,-0.7450298487668576,-0.39557569924375396,-0.35993257385935035,0.2866016412701523,0.3345336770756681,-0.5074603483964895,0.8776263563459229,0.8189480478292548,0.08320802458080793,-0.48099833986121465,1,-0.6895866808732755,1,0.7302287733765663,1,-0.6828574142536425,1,-0.3323013516478201,1,-0.394967543811646,1,2023-05-15
2023,2,0.6391194546294398,0.6223600662046122,0.7598856359259919,0.6008008080300816,0.6969252551742489,0.4283093399675896,0.9999404469817819,0.9999449351438671,0.9996947254810948,0.48042411875295293,0.45240219687027144,0.5340287869253197,316,235,7,0.8933182982911639,0.7171564536763839,1.128029199515267,0.5678057159918338,0.4229778964267624,1.121339616600094,0.6630231139898759,1.2519023566581293,1.117412789118302,-0.2323954148692573,0.18285701309094574,1.07152076175143,1.066695496412421,1,0.8629859865456906,1,1.217463128429464,1,0.6376280556539726,1,0.4985308839366548,1,1.079563912966544,1,2023-08-17
2023,3,0.6713985452009886,0.6626255218764712,0.7310034977881514,0.6420042558822313,0.71946140317409,0.005504474043846047,0.9999402737154014,0.9999453223306773,0.015184527635574267,0.46750857581775246,0.43926477415356635,0.010741052946578731,292,234,4,1.509292721996056,1.4553071434305571,0.786031235686339,0.8839269068474933,1.068440746581076,-0.8932114464749565,0.6927115012683589,1.2227449734218783,-1.110800705105675,-0.7702590775258447,-0.9517958932584499,-1.484591596866969,1.7089486400558316,1,1.6328920159767661,1,0.8566989591617212,1,0.9503570587291502,1,1.1514030752994586,1,-0.9338185511319003,1,2023-11-27
2023,4,0.6573639144170668,0.6514919489571929,0.7042569343571864,0.653125343953286,0.6706484681839684,0.0008109807968139279,0.9999379989822046,0.999938771896268,0.0017730712890625,0.4666799505245157,0.4539497897307863,0.0011897200154339079,369,266,3,1.2414731070079876,1.2512052801170546,0.46932094958647297,0.1992134794087892,1.2426555168817999,-0.9155746749342275,0.19044275547610143,0.8399513385499074,-1.1411544668786764,-0.16903489262624014,-1.024592066207806,-1.531247152809295,1.3909314357704246,1,1.387205314165386,1,0.5294356902249522,1,0.2519627138938725,1,1.3136236858047914,1,-0.946159138663424,1,2024-02-08
2024,1,0.6704494675887618,0.6615756211946046,0.7376558042503936,0.6101793605937075,0.7755391449603647,0.09305958449840548,0.9999419536186906,0.9999436993421114,0.25841036438941967,0.48075791901783427,0.4085352291500624,0.1826378312312184,354,225,4,1.4911816933118116,1.436060250540311,0.8648022482060838,1.670545920624749,0.5698953895880576,-0.4760349779437297,0.5682653377725423,1.5054402307073422,-0.5603146941076708,-2.028367763207264,0.21218194682296504,-0.6449245249116672,1.630373250784526,1,1.5575575947968183,1,0.9258833098870606,1,1.7376832709726222,1,0.6140791827907882,1,-0.49913592600549944,1,2024-05-10
2024,2,0.6099984687996749,0.595073679949947,0.73312797680993,0.5543024625614934,0.6922458437616913,0.00011348724365239926,0.9999353910694481,0.9999428144234116,0.00013065338134775616,0.48602708656521315,0.4500340399474077,3.0345730927922207e-05,365,262,2,0.33760925734258523,0.21693946870242567,0.8111875276539903,0.5021662327823835,-0.3054309178382557,-0.9188980434483046,0.5004122798403907,0.40109002290149737,-1.1448717038896628,-0.32935092766229496,0.6750874786826341,-1.5369103677949734,0.4016449981946113,1,0.27124949952042965,1,0.862397824153108,1,0.5323274532631743,1,-0.27854435834969987,1,-0.9378767149124982,1,2024-08-09
2024,3,0.6892797144938226,0.6799071495274894,0.7727109075547888,0.6469099741404339,0.7451800798701421,0.00011491775512695312,0.999938189452223,0.9999442028012708,0.00011491775512695312,0.467019124795224,0.42536450265785397,,336,267,1,1.8505149421793965,1.7721158112532145,1.2798952684907754,1.2446903658221589,1.145290113662096,-0.9188912274472505,0.6068691592573973,0.8720037615721262,-1.144907317877981,-1.3393547898148328,-0.9947950167187579,0.0,1.976314846217536,1,1.8825055708646372,1,1.329699259334837,1,1.274142274282823,1,1.2022948400166058,1,-0.9282344809472666,1,2024-11-08
2024,4,0.7185457216674558,0.7077611698549986,0.8063387137657401,0.7035909732173472,0.7318120307764231,,0.9999422525972477,0.9999449906954396,,0.4469253540943852,0.4308729399186613,,275,310,0,2.408991391909712,2.282738725463697,1.6780874382426172,1.0571728007549983,2.033212875491594,0.0,0.6672826511342894,1.5557525437083979,0.0,-1.1138319985869551,-2.760067714863458,0.0,2.499890734709341,1,2.3609600401989264,1,1.7126481451086804,1,1.069036883468416,1,2.0902469949646516,1,0.0,1,2025-02-13
