index,h,shock,beta,se,nobs,lo_90,hi_90,lo_95,hi_95,shock_label
SH,0,d_tone_policy,0.0320705861234107,0.172243526863908,77,-0.251244803757601,0.315385976004422,-0.305520523100005,0.369661695346827,dTonePolicy (z)
SH,0,d_tone_macro,0.151327699110061,0.196821158654817,77,-0.172414297564106,0.475069695784228,-0.234434683248824,0.537090081468947,dToneMacro (z)
SH,1,d_tone_policy,-0.0414208640549044,0.232946085546482,77,-0.424583077750184,0.341741349640375,-0.497986802065596,0.415145073955787,dTonePolicy (z)
SH,1,d_tone_macro,-0.0933035657317444,0.225292865427435,77,-0.46387735255635,0.277270221092861,-0.534869467943345,0.348262336479857,dToneMacro (z)
SH,2,d_tone_policy,-0.0137341898650958,0.254165483883097,77,-0.431799207876084,0.404330828145893,-0.511889384389162,0.484421004658971,dTonePolicy (z)
SH,2,d_tone_macro,-0.228121533293872,0.300230174034279,77,-0.721956223974428,0.265713157386683,-0.816561861473251,0.360318794885507,dToneMacro (z)
SH,3,d_tone_policy,0.0484459190815041,0.355080638250687,77,-0.535609756605382,0.63250159476839,-0.647499343497337,0.744391181660346,dTonePolicy (z)
SH,3,d_tone_macro,-0.153759229901543,0.382683578807854,77,-0.78321770247841,0.475699242675325,-0.903805261839831,0.596286802036746,dToneMacro (z)
SH,4,d_tone_policy,-0.225815751369199,0.42698428795094,77,-0.928142406056594,0.476510903318196,-1.06268957771752,0.611058074979123,dTonePolicy (z)
SH,4,d_tone_macro,-0.207201085262882,0.430641265118477,77,-0.915542932107978,0.501140761582215,-1.05124245515186,0.636840284626098,dToneMacro (z)
SH,5,d_tone_policy,-0.0831013350595257,0.462862341170364,77,-0.844442135712848,0.678239465593797,-0.99029485355333,0.824092183434278,dTonePolicy (z)
SH,5,d_tone_macro,-0.178378935093763,0.478099258408284,77,-0.964782234329437,0.608024364141912,-1.11543626260931,0.758678392421782,dToneMacro (z)
SH,6,d_tone_policy,-0.729665476558825,0.431148335325168,77,-1.43884137967252,-0.0204895734451328,-1.57470068579055,0.115369732672903,dTonePolicy (z)
SH,6,d_tone_macro,-0.285543389028656,0.419018359698905,77,-0.974767257738656,0.403680479681344,-1.10680428289956,0.535717504842247,dToneMacro (z)
SH,7,d_tone_policy,-0.632627549948755,0.53441547445371,77,-1.51166278140293,0.246407681505422,-1.68006263265891,0.414807532761402,dTonePolicy (z)
SH,7,d_tone_macro,-0.311730128923023,0.471243310463157,77,-1.08685639731496,0.463396139468919,-1.23535004538624,0.611889787540192,dToneMacro (z)
SH,8,d_tone_policy,-0.700904303167534,0.531574381506938,77,-1.57526635258371,0.173457746248638,-1.74277094602529,0.340962339690218,dTonePolicy (z)
SH,8,d_tone_macro,-0.139638197765783,0.4686898857958,77,-0.910564456332475,0.631288060800909,-1.05825349384374,0.778977098312175,dToneMacro (z)
SH,9,d_tone_policy,-0.700242157506208,0.547899243855763,77,-1.60145621596633,0.200971900953912,-1.77410494262023,0.373620627607815,dTonePolicy (z)
SH,9,d_tone_macro,-0.437086674456254,0.544244399086268,77,-1.33228904824133,0.458115699328818,-1.50378609545298,0.629612746540475,dToneMacro (z)
SH,10,d_tone_policy,-0.564391843890741,0.586601189318668,77,-1.5292649377156,0.400481249934116,-1.71410904824369,0.585325360462209,dTonePolicy (z)
SH,10,d_tone_macro,-0.292415928535666,0.520083521908137,77,-1.14787719586396,0.563045338792629,-1.31176090042836,0.726929043357031,dToneMacro (z)
SZ,0,d_tone_policy,0.0869201950403031,0.228190926960048,77,-0.28842047880735,0.462260868887956,-0.3603258034002,0.534166193480807,dTonePolicy (z)
SZ,0,d_tone_macro,0.171581360040429,0.23935349418501,77,-0.222120102993293,0.56528282307415,-0.297542868136008,0.640705588216865,dToneMacro (z)
SZ,1,d_tone_policy,-0.0209174093492482,0.313266605051598,77,-0.536195120871143,0.494360302172647,-0.634908672809513,0.593073854111017,dTonePolicy (z)
SZ,1,d_tone_macro,-0.0460781554187347,0.293354814336644,77,-0.528603885764039,0.436447574926569,-0.621043026209991,0.528886715372521,dToneMacro (z)
SZ,2,d_tone_policy,0.125821744818721,0.39151227319652,77,-0.51815863774459,0.769802127382032,-0.641528210151864,0.893171699789306,dTonePolicy (z)
SZ,2,d_tone_macro,-0.218625681845294,0.399121910914414,77,-0.875122804608671,0.437871440918082,-1.00089025267835,0.563638888987761,dToneMacro (z)
SZ,3,d_tone_policy,0.0505069979040648,0.464991667280897,77,-0.714336232525131,0.81535022833326,-0.860859923077725,0.961873918885854,dTonePolicy (z)
SZ,3,d_tone_macro,-0.0122689153300424,0.472821342713153,77,-0.789990815791837,0.765452985131753,-0.938981718169692,0.914443887509608,dToneMacro (z)
SZ,4,d_tone_policy,-0.252555545685333,0.48685465602368,77,-1.05336019244409,0.548249101073428,-1.20677313719738,0.701662045826716,dTonePolicy (z)
SZ,4,d_tone_macro,-0.109988792227527,0.485403813046032,77,-0.908407014652366,0.688429430197313,-1.06136278375616,0.841385199301109,dToneMacro (z)
SZ,5,d_tone_policy,-0.0293582759939374,0.495128634627587,77,-0.843772406468653,0.785055854480778,-0.999792567578498,0.941076015590623,dTonePolicy (z)
SZ,5,d_tone_macro,-0.0680529056385697,0.547327756614915,77,-0.968326951237825,0.832221139960686,-1.14079559634291,1.00468978506577,dToneMacro (z)
SZ,6,d_tone_policy,-0.683041813350751,0.495039222792395,77,-1.49730887444406,0.131225247742558,-1.65330086095855,0.287217234257043,dTonePolicy (z)
SZ,6,d_tone_macro,-0.17765020111939,0.488066095264117,77,-0.980447488106616,0.625147085867836,-1.13424216991215,0.778941767673374,dToneMacro (z)
SZ,7,d_tone_policy,-0.665416945814773,0.604385378477284,77,-1.65954242767957,0.328708536050026,-1.84999052041286,0.519156628783313,dTonePolicy (z)
SZ,7,d_tone_macro,-0.207413767043156,0.550542148416593,77,-1.11297501665584,0.698147482569532,-1.28645654991098,0.871629015824671,dToneMacro (z)
SZ,8,d_tone_policy,-0.732547905338761,0.632710555313544,77,-1.77326415705672,0.308168346379201,-1.97263780639164,0.507541995714122,dTonePolicy (z)
SZ,8,d_tone_macro,-0.0740074042005614,0.57327588183586,77,-1.01696231768208,0.868947509280956,-1.19760748580429,1.04959267740316,dToneMacro (z)
SZ,9,d_tone_policy,-0.808524179951868,0.665227809994504,77,-1.90272655597031,0.285678196066577,-2.11234672905555,0.495298369151815,dTonePolicy (z)
SZ,9,d_tone_macro,-0.391665880029422,0.675716966168171,77,-1.50312138262378,0.719789622564939,-1.71604679746171,0.932715037402863,dToneMacro (z)
SZ,10,d_tone_policy,-0.793711656030264,0.726504982135432,77,-1.98870601089404,0.401282698833516,-2.21763525560463,0.630211943544098,dTonePolicy (z)
SZ,10,d_tone_macro,-0.184597193542958,0.652817252871263,77,-1.25838601966475,0.889191632578835,-1.46409549765701,1.09490111057109,dToneMacro (z)
HS300,0,d_tone_policy,0.0283294050681963,0.191037658009116,77,-0.285899579592414,0.342558389728806,-0.346097524320552,0.402756334456944,dTonePolicy (z)
HS300,0,d_tone_macro,0.156636169155622,0.219289010783156,77,-0.204062155581653,0.517334493892897,-0.27316239418478,0.586434732496024,dToneMacro (z)
HS300,1,d_tone_policy,-0.0207214838652402,0.251119090649269,77,-0.433775630916445,0.392332663185965,-0.512905857368256,0.471462889637775,dTonePolicy (z)
HS300,1,d_tone_macro,-0.108310922908149,0.254212595751208,77,-0.526453433046273,0.309831587229974,-0.606558454996957,0.389936609180659,dToneMacro (z)
HS300,2,d_tone_policy,0.0279335724475701,0.284161714622484,77,-0.439470854489972,0.495337999385112,-0.529013153997647,0.584880298892787,dTonePolicy (z)
HS300,2,d_tone_macro,-0.337016341405506,0.342629556562167,77,-0.90059181021756,0.226559127406549,-1.00855793230628,0.33452524949527,dToneMacro (z)
HS300,3,d_tone_policy,0.0631831772815961,0.386923361623873,77,-0.573249117437687,0.699615472000879,-0.695172676278361,0.821539030841553,dTonePolicy (z)
HS300,3,d_tone_macro,-0.161406558963697,0.424899757881799,77,-0.860304466806377,0.537491348878983,-0.994194781451812,0.671381663524419,dToneMacro (z)
HS300,4,d_tone_policy,-0.142562684597492,0.463414609040367,77,-0.904811885059838,0.619686515864854,-1.05083862822632,0.765713259031337,dTonePolicy (z)
HS300,4,d_tone_macro,-0.221443829530415,0.471360161646141,77,-0.996762301014502,0.553874641953673,-1.14529277010383,0.702405111043,dToneMacro (z)
HS300,5,d_tone_policy,-0.0128394453581868,0.488730660290107,77,-0.816729844538757,0.791050953822384,-0.970733937667276,0.945055046950903,dTonePolicy (z)
HS300,5,d_tone_macro,-0.13720557374293,0.530127941357754,77,-1.00918844083355,0.734777293347688,-1.17623724600249,0.901826098516628,dToneMacro (z)
HS300,6,d_tone_policy,-0.609217867259882,0.470791406302403,77,-1.38360081945397,0.165165084934209,-1.53195206784355,0.313516333323791,dTonePolicy (z)
HS300,6,d_tone_macro,-0.244491755992802,0.436575025809726,77,-0.962593770632362,0.473610258646758,-1.10016308312951,0.611179571143905,dToneMacro (z)
HS300,7,d_tone_policy,-0.591378806024732,0.580935249684808,77,-1.54693225849275,0.364174646443282,-1.72999097275674,0.547233360707274,dTonePolicy (z)
HS300,7,d_tone_macro,-0.262931590348203,0.513189283727409,77,-1.10705284499986,0.581189664303454,-1.26876410370583,0.742900923009426,dToneMacro (z)
HS300,8,d_tone_policy,-0.637818155055994,0.607327670519788,77,-1.63678327665846,0.361146966546468,-1.82815851608939,0.552522205977399,dTonePolicy (z)
HS300,8,d_tone_macro,-0.0730580436623371,0.522027800415016,77,-0.931717364544476,0.785601277219802,-1.09621373140443,0.950097644079758,dToneMacro (z)
HS300,9,d_tone_policy,-0.594989044998635,0.595470895836592,77,-1.5744515077595,0.384473417762226,-1.76209055468016,0.572112464682888,dTonePolicy (z)
HS300,9,d_tone_macro,-0.37064230446458,0.629760869164558,77,-1.40650675422201,0.665222145292854,-1.60495092689975,0.863666317970594,dToneMacro (z)
HS300,10,d_tone_policy,-0.415922989043371,0.625456640719716,77,-1.44470761303208,0.612861634945337,-1.64179547874542,0.80994950065868,dTonePolicy (z)
HS300,10,d_tone_macro,-0.18521591031546,0.607528139407897,77,-1.18451077389562,0.814078953264698,-1.37594918314957,1.00551736251865,dToneMacro (z)
CSI500,0,d_tone_policy,0.0798542219420326,0.192915880222523,77,-0.23746416333852,0.397172607222585,-0.298253955339955,0.45796239922402,dTonePolicy (z)
CSI500,0,d_tone_macro,0.225327371587864,0.204549429858896,77,-0.111126500006396,0.561781243182125,-0.175582143993774,0.626236887169502,dToneMacro (z)
CSI500,1,d_tone_policy,0.0962075547346401,0.309619881347675,77,-0.413071830076367,0.605486939545648,-0.510636261604367,0.703051371073648,dTonePolicy (z)
CSI500,1,d_tone_macro,0.0109435753366764,0.273692701815533,77,-0.439240857914751,0.461128008588104,-0.525484263053229,0.547371413726581,dToneMacro (z)
CSI500,2,d_tone_policy,0.284542655703619,0.368979411925879,77,-0.322374468273083,0.891459779680322,-0.438643702707872,1.00772901411511,dTonePolicy (z)
CSI500,2,d_tone_macro,-0.0788913821317955,0.347623961877873,77,-0.650681916641855,0.492899152378264,-0.760221827575551,0.60243906331196,dToneMacro (z)
CSI500,3,d_tone_policy,0.408315637940026,0.46509726769701,77,-0.356701289716621,1.17333256559667,-0.503258256054098,1.31988953193415,dTonePolicy (z)
CSI500,3,d_tone_macro,0.148433137164682,0.438837956386624,77,-0.573391067041828,0.870257341371193,-0.71167345240226,1.00853972673162,dToneMacro (z)
CSI500,4,d_tone_policy,0.121353304677233,0.448242316037907,77,-0.615939694610846,0.858646303965312,-0.757185491103885,0.999892100458351,dTonePolicy (z)
CSI500,4,d_tone_macro,-0.00652578752834182,0.466510934719746,77,-0.773867990514638,0.760816415457954,-0.92087041797316,0.907818842916476,dToneMacro (z)
CSI500,5,d_tone_policy,0.297181974825112,0.510117839058551,77,-0.541887202922992,1.13625115257322,-0.702630617601047,1.29699456725127,dTonePolicy (z)
CSI500,5,d_tone_macro,-0.0807304297706635,0.566315495120379,77,-1.01223652591824,0.850775666376911,-1.19068840409358,1.02922754455225,dToneMacro (z)
CSI500,6,d_tone_policy,-0.456156547903408,0.456238335210845,77,-1.20660182832927,0.294288732522452,-1.35036725328318,0.438054157476361,dTonePolicy (z)
CSI500,6,d_tone_macro,-0.060015169535345,0.533875245490329,77,-0.93816180341972,0.81813146434903,-1.10639142293387,0.98636108386318,dToneMacro (z)
CSI500,7,d_tone_policy,-0.536761551794304,0.583995193585843,77,-1.49734816408621,0.423825060497597,-1.68137109836705,0.607847994778445,dTonePolicy (z)
CSI500,7,d_tone_macro,-0.229682946459639,0.616696818488955,77,-1.24405894508063,0.784693052161352,-1.43838650007842,0.979020607159147,dToneMacro (z)
CSI500,8,d_tone_policy,-0.609511660957329,0.620034424765595,77,-1.62937753336779,0.410354211453129,-1.8247568026729,0.605733480758246,dTonePolicy (z)
CSI500,8,d_tone_macro,0.000852605138027664,0.626301291652372,77,-1.02932134600077,1.03102655627682,-1.22667536997154,1.22838058024759,dToneMacro (z)
CSI500,9,d_tone_policy,-0.876375896722857,0.733556614670633,77,-2.08296915493809,0.330217361492377,-2.31412044209842,0.56136864865271,dTonePolicy (z)
CSI500,9,d_tone_macro,-0.439517602953648,0.683090571437086,77,-1.56310160691829,0.684066401010996,-1.77835052114922,0.899315315241925,dToneMacro (z)
CSI500,10,d_tone_policy,-0.788040149430358,0.797715937971289,77,-2.10016610327943,0.524085804418712,-2.35153465774767,0.775454358886957,dTonePolicy (z)
CSI500,10,d_tone_macro,-0.24824545485181,0.689517042152949,77,-1.38240006248194,0.885909152778318,-1.59967402419818,1.10318311449455,dToneMacro (z)
