id,year,quarter,section,sent_id_in_report,text,label
1234,2002,1,S1,3,货币政策达到预期调控目标，金融整体运行平稳。,0
1568,2002,3,S1,96,农业银行在系统内推广对民营和中 小企业贷款管理的“五要素”法，即：重点审查企业法人及股东的品行、企业自 有资金比例、贷款归行率、日均存款余额、销售纳税额，客观、真实地评价和把 握企业的经营状况，使信贷服务更加切合中小企业的实际需要。,0
2804,2003,3,S1,52,同时，存款准备金率上调一个百分点，也相应增加了一部分基础 货币。,0
48012,2022,2,S1,74,表6 2022年上半年人民币存款结构情况 单位：亿元 6月末余额 同比增速 当年新增额 同比多增额 人民币各项存款 2510547 10.8% 188182 47729 住户存款 1128280 12.8% 103265 28800 非金融企业存款 748704 9.8% 53018 30471 机关团体存款 328338 5.8% 16985 6226 7 6月末余额 同比增速 当年新增额 同比多增额 财政性存款 55660 2.8% 5061 -4338 非银行业金融机构存款 233891 13.9% 9513 -12349 境外存款 15674 9.3% 341 -1082 数据来源：中国人民银行。,0
1441,2002,1,S5,210,全年国内生产总值增长有望达到 7%以上。,0
13204,2008,2,S1,96,单笔金额在3000万元以 上的人民币协议存款利率总体呈下降趋势。,0
431,2001,3,S2,105,今年1-9月份银行间市场拆借和回购利率呈逐月 下降趋势，表明市场资金供给宽裕。,0
17732,2010,2,S1,54,但是，随着信贷投放的快速增长，银行风 险资产规模不断扩大，资本充足率下降。,0
51457,2023,4,S4,561,证券投资逐步恢复净流入，四季度境外投资者净增持境内 债券超过 620 亿美元。,0
28089,2014,2,S5,595,加快发 展外汇市场，坚持金融服务实体经济的原则，为基于实需原则的进出 口企业提供汇率风险管理服务。,0
36650,2017,4,S4,576,2017 年，进口价格同比上涨 9.6%，涨幅比上 年高12.6个百分点，其中各季度分别上涨13.4%、11.8%、7.4%和5.8%； 出口价格同比上涨 4.0%，涨幅比上年高 6.2 个百分点，其中各季度 52 分别上涨 5.1%、5.8%、3.2%和 1.9%。,0
50933,2023,4,S1,37,还比如，先进制造、 科技创新、绿色低碳、数字经济等新兴产业蓬勃发展，这些新动能领域与直接融 资的金融支持模式更为适配，也会对贷款形成良性替代。,0
41773,2019,4,S4,396,负利率可能带来一系列问题，包括催生资 产价格泡沫，助长债务规模攀升，导致银行存贷利差缩窄，降低银行 利润率等。,1
44515,2021,1,S1,82,根据国际清算银行测算，2020 年末至 2021 年 3 月，人民币名义和实际有效汇率分别升值 2.15%和 2.10%；2005 年 人民币汇率形成机制改革以来至 2021 年 3 月末，人民币名义和实际 有效汇率分别升值 40.63%和 54.55%。,0
41203,2019,2,S4,485,同时深化金融供给侧 结构性改革，提高金融服务实体经济的能力。,0
21470,2012,1,S2,168,农户 贷款余额 2.5 万元，比上年末增加 1293 亿元。,0
23562,2012,4,S4,537,（六）国际收支状况继续改善 经常项目收支继续保持基本平衡，资本和金融项目呈现净流出。,0
42769,2020,3,S2,188,一是存量浮动利率贷款定价基准转换工作顺利完成。,0
13599,2008,2,S4,491,房地产开发贷款余额为 1.95 万亿元，同比增长 17.7%， 增幅比上年同期降低 8 个百分点；购房贷款余额为 3.3 万亿元，同比 增长 25.6%，增幅比上年同期提高 1.8 个百分点。,0
34949,2017,3,S3,231,2013 年，人民银行指导建立市场 利率定价自律机制（以下简称自律机制），并专门下设Shibor工作组，进一步加 强对 Shibor 报价的监督管理。,0
22553,2012,2,S2,83,中国人民银行一方面主动调减公开市场对 冲操作规模，另一方面适当发挥存款准备金工具的流动性调节作用， 在 2011 年 12 月 5 日下调存款准备金率 0.5 个百分点的基础上，于 2012 年 2 月 24 日和 5 月 18 日两次下调存款准备金率各 0.5 个百分 点，保持银行体系流动性合理充裕。,0
32262,2016,3,S2,105,未来，中国人民银行将继续密切关 注流动性形势和市场环境变化，进一步完善公开市场操作机制，丰富操作工具和 期限品种，加强与市场沟通，不断提高操作的前瞻性、针对性和有效性。,0
9656,2006,4,S5,447,完善流动性分析预测体系，搭配运用公开市场操作、提高存款 准备金率等方式有效调节银行体系流动性，引导货币信贷合理增长和 42 货币市场利率平稳运行。,0
32364,2016,3,S3,207,9 月份同业拆借 月加权平均利率为 2.25%，比 6 月高 11 个基点，质押式回购月加权 平均利率为 2.28%，比 6 月高 18 个基点。,0
45290,2021,3,S4,305,欧元区三季度 GDP 环比增长 2.2%，但消费增长也出现 放缓迹象。,1
37357,2018,1,S5,552,也要看到，制约经济持续向好的结构性、深层次问题仍然突出， 结构调整和改革任重道远，防范化解重大风险的任务仍然艰巨。,1
4189,2004,1,S4,293,27 专栏 6：增长、外部性与科学的发展观 经济发展需要一定的增长速度，特别是作为发展中的大国更需要长期保持较 快的速度，但也不能片面追求速度。,0
53837,2024,4,S3,379,2 月，中国人民银行发布《关于 银行间债券市场柜台业务有关事项的通知》，进一步明确柜台债券业 务品种、交易方式和投资者开户等方面的要求。,0
8393,2006,3,S2,99,根据《中央国库现金管理暂行办法》，国库现金管理将遵循安全性、流动性 和收益性相统一的原则，从易到难、稳妥有序地开展。,0
41675,2019,4,S3,298,人民币利率互换交易的浮动 端参考利率主要包括 7 天回购定盘利率和 Shibor，与之挂钩的利率互 换交易名义本金占比为 72%和 26.4%。,0
28595,2014,4,S4,480,分三大门类看，采矿业增加值比上年增长 4.5%，制造业增长 9.4%，电力、热力、燃气及水的生产和供应业增 长 3.2%。,0
51951,2024,1,S4,389,劳动力市场供需趋于平衡。,0
12073,2008,1,S1,48,当前货币信贷调控虽取得初步成效，但基础尚不稳固。,0
17593,2010,3,S4,536,房地产贷款余额增速回落。,1
46675,2021,4,S4,534,生产价格涨幅较高。,0
51845,2024,1,S3,283,一季度，银行间市场债券回购累计成交 418.7万亿元，日均成交6.9万亿元，同比增长18.6%；同业拆借累计成 交26.3万亿元，日均成交4313亿元，同比减少20.2%。,1
3007,2003,3,S4,255,9 月 30 日，美 国道指和纳指比上年末分别回升了 11.2%和 33.5%，日经 225、法兰 克福DAX、英国《金融时报》100和巴黎CAC40等股指分别回升了19.1%、 12.6%、3.8%和 3.9%。,0
30444,2015,2,S3,317,（二）完善证券市场基础性制度建设 A 股市场全面放开一人一户限制。,0
22216,2012,3,S4,337,2012 年第三季度，全球经济继续缓慢增长。,0
42621,2020,3,S1,40,初步统计，9 月末社会融资规模存量为 280.07 万亿元，同比增长 13.5%，增速比上年末高 2.8 个百分点。,0
40380,2019,3,S3,243,第三季度，金融市场整体运行平稳。,0
21614,2012,1,S4,312,受外需下降等因素影响，日本出口疲软继续拖累整体经济。,1
27968,2014,2,S4,474,价格改革继续稳步推进。,0
8313,2006,3,S1,19,中央银行流动性管理的基础是对银行体系流动性需求和供给的分析预测。,0
31783,2016,1,S3,266,货币市场利率水平保持平稳。,0
18598,2010,4,S4,309,第三季度， 日本 GDP 环比折年率为 4.5%，好于预期。,0
11466,2007,4,S2,67,为缓解中央银行票据集中到期投放流动性的压力，于 1 月末重启 3 年期中央银行票据，较为深度冻结银行体系流动性。,0
3977,2004,1,S2,81,四是调整存款准备金率的操作。,0
35752,2017,2,S3,326,二是完善保险公司治理规则。,0
10575,2007,3,S4,363,原材料、燃料、动力购进价格有所上升，工业品出厂价格略有回 落，农业生产资料价格持续快速上涨。,0
14423,2009,1,S2,107,截至第 一季度末，中国工商银行、中国银行、建设银行和交通银行的资本充 足率分别为12.1%、12.3%、12.4%和12.8%，不良贷款率分别为2.0%、 2.2%、1.9%和1.6%，税前利润分别为456.2亿元、252.9亿元、339.8 亿元和101.3亿元。,0
942,2001,2,S5,277,（2）预计今明两年投资增幅有所回升 今年前几个月，更新改造和房地产投资持续保持在20%以上的增长速度、新 开工项目和资金来源两个先行指标均呈现出较快的增长状态、外商直接投资高速 增长，随着今后财政支出的进一步增加，特别是技改贴息力度的增大，投资增幅 将继续保持高增长水平。,0
31374,2015,4,S4,600,如果国内物价和 房价过高，投资就可能转到国外资产价格更低的地方。,0
25205,2013,2,S3,322,上半年，国际黄金价格大幅下跌，最低跌至 1180.1 美元/盎司。,0
49066,2022,4,S4,558,近年来，我国极端天气频发，对粮食安全带来严峻挑战。,1
2633,2003,1,S4,236,在汽车、房地产、家电等行业拉动下，2002年我国钢铁生产增长20.3%， 较 2001年高 4.4个百分点，较 2000年高 17.1个百分点。,0
50095,2023,3,S3,346,9 月 1 日，证监会发布《证券 公司北京证券交易所股票做市交易业务特别规定》。,0
37779,2018,3,S3,340,（五）保险业资产增速回升 2018年1-8月，保险业累计实现保费收入2.7万亿元，同比减少 0.7%；累计赔款、给付7965亿元，同比增加7.1%，其中，财产险赔付 同比增长16%，人身险赔付同比增长0.6%。,1
11151,2007,2,S4,345,上半年，受欧洲中央银行连续加 息影响，欧元利率延续了 2006 年以来缓慢上升的态势，6月 29 日， 欧元区一年期同业拆借利率 Euribor 升至 4.53%，比年初上升 0.4 个 百分点。,0
7882,2006,1,S2,95,人民币兑欧元、日元和港币汇率 中间价根据当日人民币兑美元汇率中间价与上午9时国际外汇市场欧元、日元和 港币兑美元汇率套算确定。,0
14273,2008,4,S5,589,建立国际收支风险双 向监测预警框架，进一步健全国际收支应急保障制度。,0
9574,2006,4,S4,365,2006 年，39 个工业大类行业中， 22 个行业工业增加值同比增速超过 16.6%的全国水平，其中重工行业 增势强劲，有色、建材、机械、化工部门增长最快。,0
30159,2015,2,S1,32,从期限看，中长期贷款比年初增加 3.7 万亿 元，同比多增 3847 亿元，增量占比为 55.8%。,0
43777,2020,2,S5,582,在巩固攻坚战取得的 阶段性成果基础上，坚持“稳定大局、统筹协调、分类施策、精准拆 弹”的基本方针和政策，统筹考虑宏观经济形势新变化，把握好抗击 疫情、恢复经济和防控风险之间的关系，稳妥推进各项风险化解任务， 牢牢守住不发生系统性金融风险的底线。,1
19094,2011,1,S3,186,人民币利率互换交易 的浮动端参考利率包括 Shibor、一年期定存利率以及 7 天回购定盘 利率，与之挂钩的利率互换交易名义本金占比分别为 31.7%、3.0%和 65.3%。,0
32059,2016,1,S4,542,全国房屋施工面积 61.8 亿平方米， 同比上升 5.8%，增速较上年全年扩大 4.5 个百分点。,0
50560,2023,2,S2,249,6月至8月是港股分红季，上市公司大部分分红资金需 购汇解决。,0
40501,2019,3,S4,364,全球经济和贸易相辅相成，贸易萎缩可能进一步影响企业投 资，加剧全球经济放缓。,1
5803,2004,4,S5,517,积极稳妥地推进人民币汇率形成机制改革，保持人民币 汇率在合理、均衡水平上的基本稳定。,0
6270,2005,3,S1,69,9 月 30 日，人民币对美元 汇率为 8.0920 人民币/美元，较上年末升值 2.28%。,0
41568,2019,4,S2,191,二是持续加大 乡村振兴金融服务投入。,0
285,2001,1,S4,285,由于成品油价格到 去年下半年才与国际接轨，今年上半年石化行业实现利润仍有较大增长空间。,0
29537,2015,3,S2,76,第三季度以来，中国经济下行压力较大，价格涨幅保持低位，外 汇占款变化、美联储加息预期等不确定因素有所增多。,1
29248,2015,1,S4,459,这意味着现代的货币政策调控不仅要 靠操作，还要靠对预期的引导。,0
9311,2006,4,S2,102,2007 年1月4日Shibor正式对外公布。,0
47709,2022,3,S3,337,7 月 4 日，人民银行，香港金 管局、香港证监会连线举办“债券通”五周年论坛暨“互换通”发布 仪式。,0
21280,2011,4,S5,579,二是着力优化信贷结构，更好地服务实体经济发展。,0
34839,2017,3,S2,121,在市场环境已转 向中性的情况下，有必要使前期为抑制外汇市场顺周期波动而出台的 逆周期宏观审慎管理措施也回归中性，强化外汇市场价格发现功能， 提高市场流动性，更好地服务于实体经济，促进经济持续、协调、平 稳发展。,0
35439,2017,2,S1,13,货币 乘数为 5.37，比 3 月末高 0.08。,0
5114,2004,2,S4,290,上半年，全社会固定资产投资同比增长 28.6%，同比回落 2.5 个百分点，比一季度回落 14.4 个百分点。,1
24511,2013,3,S3,251,前三季度沪、深股市累计成交 34.5万亿元，同比增长39.6%，日均成交1949亿元，同比多成交591 亿元。,0
19197,2011,1,S4,289,一是发达经济体人口老龄化加剧，高福利支出使财政 不堪重负，结构性改革又因利益集团反对和政治考虑而难以深入推进，储备货币 优势也使其遏制过度负债行为的动力不足。,1
44042,2020,4,S2,264,十一、深化外汇管理体制改革 推动金融市场双向开放。,0
47196,2022,1,S4,392,二是全球主要股指普遍 下跌。,0
15071,2009,3,S4,245,财政赤字继续大幅上升，在 9 月 30 日结束 的 2009 财年，财政赤字高达 1.42 万亿美元，是 2008 财年赤字额的 3.1 倍。,0
5979,2005,1,S3,176,商业银行设立基金管理公司，鼓励了金融创新，有 利于促进金融市场长期健康协调发展，推进商业银行改革，优化资源 配置。,0
13653,2008,2,S5,545,保持货币政策的连续性 和稳定性，增强金融宏观调控的预见性、针对性和灵活性，根据国内 外形势变化适时微调，合理把握调控的重点、节奏、力度，坚持区别 对待、有保有压，加强对经济重点领域和薄弱环节的金融支持力度， 平衡好控制通货膨胀与保持经济较快增长的关系，促进经济又好又快 发展。,0
39020,2018,4,S2,278,香港 人民币央行票据发行符合市场需求，既丰富了香港市场高信用等级人 民币投资产品系列和人民币流动性管理工具，也有利于完善香港人民 币债券收益率曲线，有助于推动人民币国际化。,0
6605,2005,3,S4,404,另一方面，过低的 成品油价使得价格杠杆在石油供求调节上发挥不了应有的作用，市场配置石油资 源的基础性作用失效，不利于节约用油，同时还导致了不正常的投机需求快速增 加，进而加剧了市场供求的紧张程度，一些地区甚至出现了“油荒”。,1
2440,2003,1,S1,43,3月末，金融机构备付率平均为 5.12%。,0
28423,2014,4,S3,308,2014年，发行以Shibor为基准定 价的浮动利率债券2只，总量为80亿元；发行固定利率企业债582只， 总量为6892亿元，全部参照Shibor定价；发行参照Shibor定价的固定 利率短期融资券10341亿元，占固定利率短期融资券发行总量的98%。,0
2113,2002,4,S2,97,到 2001年底，全 国共计组建各类担保机构300多家，筹集担保资金70多亿元，可担保贷款达400 多亿元。,0
45042,2021,3,S1,57,人民币各项存款余额为 229.2 万亿元，同比增长 8.6%，比年初 增加 16.6 万亿元，同比少增 1.5 万亿元。,0
8845,2006,2,S2,117,一是明确资金支持条件。,0
20291,2011,2,S3,201,此外，随着自身资产 负债状况的改善，外资金融机构融资量同比减少1.3 万亿元。,1
22005,2012,3,S2,126,跨境贸易和投资人民币结算业务量保持较快增长。,0
48249,2022,2,S3,311,股票市场筹资额同比减少。,1
49198,2023,1,S1,43,在此情况下，人民银行对利率水平的把握可 采取“缩减原则”（Attenuation Principle），符合“居中之道”，即决策时相对审 慎，留出一定的回旋余地，适当向“稳健的直觉”靠拢。,0
46434,2021,4,S2,293,2021 年末，人民币对 美元、欧元、英镑、日元汇率中间价分别较 2020 年末升值 2.3%、升 值 11.2%、升值 3.3%和升值 14.1%。,0
26115,2013,4,S4,614,充分调动社会力量的积极性和创造 性，完善市场准入，更充分地发挥市场作用，逐步建立覆盖全生命周 期、内涵丰富、结构合理的健康服务业体系。,0
36363,2017,4,S3,289,交 易所债券回购累计成交260.2万亿元，同比增长11.4%。,0
39844,2019,1,S4,392,消费者信心低迷，消费者信心指数 2019 年 2 月、3 月分别为-7.4、-7.2；制造业 PMI 继续走低，2019 年 2 月、3 月连续跌破荣枯线，分别为 49.3、47.5。,1
87,2001,1,S2,87,"其中,基本建 设投资完成 1319亿元，增长 9.2%，保持回升趋势；更新改造投资完成 473亿元， 增长 25.2%，保持快速增长；房地产开发投资完成 677亿元，增长 22.9%，继续 保持快速增长。",0
39078,2018,4,S3,336,30 银行间债券市场现券交易活跃。,0
34226,2017,1,S2,118,既通过中期借 贷便利（MLF）、抵押补充贷款（PSL）等工具补充中长期流动性缺口， 又合理摆布逆回购、临时流动性便利（TLF）等工具的操作力度、期 限搭配、到期时点和开停节奏，“削峰填谷”熨平临时性、季节性因 素对流动性的扰动，维护流动性运行平稳、中性适度。,0
30987,2015,4,S2,213,2015 年以来，为推动社会融资成本下行，加大金融支持实体经济的 力度，中国人民银行连续五次下调金融机构人民币存贷款基准利率， 其中，金融机构一年期贷款基准利率累计下调 1.25 个百分点至 4.35%；一年期存款基准利率累计下调 1.25 个百分点至 1.5%。,0
26967,2014,3,S1,123,到 2014 年前三季度跨境人民币结算金额已超过 4.8 万亿元，人 民币已成为我国国际收支中第二大跨境支付货币，占全部跨境收支的比重已接近 25%，货物贸易进出口的人民币结算比重则超过 15%。,0
13871,2008,4,S2,187,修订施行《外汇管理条例》；实施出口收结汇联网核查和贸 17 易信贷债权债务登记管理制度，加强贸易外汇资金流与货物流的真实 性一致性核查；初步建立服务贸易外汇业务非现场监管体系；推广直 接投资外汇管理信息系统；实施银行执行外汇管理规定情况考核办 法；进一步发挥异常外汇资金流动监管协调机制作用，打击地下钱庄 违法犯罪活动。,0
5605,2004,4,S4,319,英格兰银行于 2004 年 2 月 5 日、5 月 6 日、6 月 10 日和 8 月 5 日，四次分别提高官方利率 0.25 个百分点，截至 12 月末，官方利率为 4.75%。,0
3356,2003,2,S4,188,日本一季度 GDP增长也为 0.1%，失业率高达 5.4%。,0
52292,2024,3,S2,120,阶段性减免 MLF 质押品。,0
11677,2007,4,S3,278,图 3 2007年银行间市场国债收益率曲线变化情况 收益率（％） 5.00 4.50 4.00 3.50 3.00 1月22日 4月24日 2.50 7月24日 8月28日 10月24日 12月25日 2.00 1.50 期限（年） 1 3 5 10 15 20 27 数据来源：中央国债登记结算有限责任公司。,0
33240,2016,2,S4,472,消费品价格涨幅回落，服务价格涨幅继续扩大， 第二季度消费品价格同比上涨 2.1%，比上个季度低 0.1 个百分点； 服务价格同比上涨 2.1%，比上个季度高 0.1 个百分点。,0
32580,2016,3,S4,423,全国夏粮总产量为 13926 万吨，比上年减少 162 万吨，下降 1.2%，是历史第二高产年。,0
46809,2022,1,S1,5,3 月末，金融机构超额准备金率为 1.7%，比上年同期高 0.1 个百分点。,0
54069,2024,4,S5,611,健全权责一致、激励约束相容 的风险处置责任机制，建立科学合理的金融风险处置成本分担机制。,0
38334,2018,2,S2,239,二是配合有关部 门深化境内商品期货等衍生品市场发展，明确铁矿石期货实物交割外 汇管理规则。,0
6112,2005,1,S4,309,1、房地产行业 今年一季度，随着各项宏观调控措施的进一步落实，房地产信贷 和开发投资增速明显回落，但一些地区存在着房地产业投资规模过 大，供应结构不合理，商品住房价格上涨偏快等问题。,1
44930,2021,1,S5,497,44 物价走势总体稳定，不存在长期通胀或通缩的基础。,0
24155,2013,1,S4,490,其中，黑色金属冶炼和压延加工业 43 利润同比增长 3.3 倍，电力、热力生产和供应业增长 90.5%，汽车制 造业增长 10.6%，石油加工业由亏损转为盈利。,0
16053,2009,4,S3,218,目前，大部分报价行的同业存款均已不同程度地参照Shibor 定价。,0
37671,2018,3,S2,232,外汇市场自律机制和外汇市场指导委员会成立以来，在构建和完善外汇市场 自律规范体系、推动外汇市场自律管理等方面取得了重要进展。,0
44335,2020,4,S4,557,2020 年 末，全国70个大中城市新建商品住宅和二手住宅价格同比上涨3.7%、 2.1%，涨幅较上年分别回落 3.1 个、1.5 个百分点。,0
25509,2013,4,S1,8,2013 年末，基础货币余额为 27.1 万亿元，同比增长 7.4%，比年 初增加 1.9 万亿元。,0
40940,2019,2,S2,222,6月份，DR007均值为 2.41%， 比5月份下降 17个基点;月末DR007为2.56%，比5月末低7个基点，比去年同 期低 45 个基点。,0
53472,2024,4,S1,14,人民币贷款余额为 255.7 万 亿元，同比增长 7.6%，比年初增加 18.1 万亿元。,0
33589,2016,4,S2,166,促进金融支持“双创”，积极推动科技金融结合试点。,0
21837,2012,1,S5,535,一旦需求扩张，潜在的涨价动 力就可能重新显现。,0
15822,2009,2,S5,518,严 格控制对高耗能、高污染和产能过剩行业劣质企业的贷款。,0
34345,2017,1,S3,237,2017年3月末，隔夜、1周Shibor 分别为2.54%和2.85%，均较上年末上升31个基点；3个月和1年期 Shibor为4.39%和4.2%，分别较上年末上升112个和83个基点。,0
48714,2022,4,S2,206,全力做好保障 粮食和重要农产品稳定安全供给的金融服务，加大对农产品加工流通、 乡村新产业新业态的金融资源投入，推动农村一二三产业融合发展。,0
46080,2021,2,S5,519,大宗商品价格大幅 上涨抬升企业成本，一些中小微企业困难较大。,0
7153,2005,2,S5,444,但农民增收也面临不少制约因素，如粮食收购价格下跌、农业生产资 40 料价格居高不下及自然灾害偏重等。,1
14893,2009,3,S2,67,2009 年第三季度，中国人民银行根据国内外经济金融形势和银 行体系流动性变化情况，灵活开展公开市场操作。,0
44603,2021,1,S2,170,做好易地搬迁后续金融服 务，研究加大对国家乡村振兴重点帮扶县的金融资源倾斜。,0
14675,2009,1,S4,359,其中，出口 2 455 亿美元，同比下降 19.7%； 进口 1 832 亿美元，同比下降 30.9%。,1
20130,2011,2,S1,40,③中资区域性中小型银行是 指本外币资产总量小于2万亿元且不跨省经营的银行。,0
9881,2007,1,S3,197,第一季度，债券一级市场累计 发行各类债券（不含央行票据）3434亿元，同比增加272亿元，增长 8.6%。,0
37244,2018,1,S4,439,社会消费品零 售总额为 9.03 万亿元，同比增长 9.8%。,0
14872,2009,3,S1,46,第三季度，银行体系流动性合理充裕，金融机构人民币贷款利率 平稳运行。,0
21944,2012,3,S1,65,从利率浮动情况来看，执行下浮利率的贷款占比上升。,0
9729,2007,1,S1,45,防止利润目标过于短期化，减少具有时点性质的考核指标，全面反映持续 的经营成果。,0
31686,2016,1,S2,169,2015 年 9 月，在中共中央、国务院印 发的《生态文明体制改革总体方案》中，首次明确了建立中国绿色金融体系的顶 层设计。,0
24817,2013,3,S5,557,48 综合各方面情况看，未来一段时期中国经济将保持平稳向好、稳中有 进的态势。,0
24974,2013,2,S1,91,根据国际清算银行的计算，2013 年上半年，人民币名义有效汇率升 值 5.89%，实际有效汇率升值 5.67%；2005 年人民币汇率形成机制改 8 革以来至 2013 年 6 月，人民币名义有效汇率升值 30.47%，实际有效 汇率升值 39.28%。,0
2264,2002,4,S4,248,长期利 率下降主要是下半年市场对主要工业国家经济恢复前景不乐观所致。,0
14141,2008,4,S4,457,GDP缩减指数有所回落。,0
28276,2014,4,S2,161,总体看，各期限存款加权平均利率相当于基准利率的1.17倍左右。,0
49583,2023,1,S4,428,36 服务业明显回升，接触型服务业增长较快。,0
48499,2022,2,S5,561,六是健全金融风险预防、预警、处置、问责制度体系，构建防范 化解金融风险长效机制。,0
9778,2007,1,S2,94,根据流动性的动态变化，又于 4 月 5 日、4 月 29 日分别宣布再次上调人民币存款准备金率 0.5 个百分点，分别 于 4 月 16 日、5 月 15 日实施。,0
2492,2003,1,S2,95,今后，随着金融机构改革和利率市场化的稳步推进，人民银行将 不断完善利率管理，扩大金融机构的利率定价自主权，并通过人民银行的间接调 控，引导利率进一步发挥优化金融资源配置和调控宏观经济运行的作用。,0
35872,2017,2,S4,446,上半年居民消费价格（CPI）同比上涨 1.4%，第二季度各月分别上涨 1.2%、1.5%和 1.5%，平均上涨 1.4%， 涨幅与上个季度持平。,0
37143,2018,1,S3,338,《意见》坚持严控风险的底线思维，坚持服务实体经济的根本目 标，坚持宏观审慎管理与微观审慎监管相结合的监管理念，坚持有的 放矢的问题导向，坚持积极稳妥审慎推进的基本思路，全面覆盖、统 一规制各类金融机构的资产管理业务，实行公平的市场准入和监管。,0
11752,2007,4,S4,353,拉美经济继续保持稳步增长态 势。,0
47324,2022,1,S5,520,要正视困难，更要坚定信心，主动果断作为、积极应变 克难，统筹疫情防控和经济社会发展，深化改革开放，保障基本民生， 着力稳定宏观经济大盘。,0
38548,2018,2,S4,453,乡村消费品零售额增长继续快于城镇，比城镇高 1.3 个百分点。,0
12641,2008,3,S2,70,为应对国际金融危机对我国经济可能产生的影响，中国人民银行 分别于 9 月 16 日、10 月 9 日和 10 月 30 日连续三次下调金融机构存 贷款基准利率，并于 10 月 27 日扩大商业性个人住房贷款利率的下浮 幅度，释放保经济增长和稳定市场预期的信号。,0
26811,2014,1,S5,624,1980 年代以后，主要经济体央行 也开始强调政策的规则性和透明度，更加注重稳定预期在政策调控中的作用，其 核心就是建立起对货币政策的信心和公信力。,0
50250,2023,3,S5,501,三是出口仍具有较强竞争力。,0
43214,2020,2,S1,19,贷款加权平均利率下降，企业贷款利率继续下行。,0
53016,2024,2,S2,214,下阶段，要继续发挥好支持政策对住房租赁产业的推动作用，完善住 房租赁金融支持体系，同时，充分调动市场化机构的积极性，通过更多社会资金 的投入，建立可持续发展的商业模式，支持存量商品房去库存，助力推动房地产 行业转型发展。,0
15843,2009,4,S1,8,12 月末，两 者增速均有所回落，但仍保持较高水平，这与上年同期基数较高也有 一定关系。,1
20757,2011,4,S1,56,受境内资金供求关系变动以及国际金融市场利率走势的影响，外 币存贷款利率总体呈现波动上行走势。,0
18359,2010,4,S2,70,上半年，顺应货币市场利率总 体上行走势，1 年期以下短期操作利率适当上行；下半年，与存贷款 7 基准利率调整相配合，各期限公开市场操作利率均有所上行。,0
19783,2011,3,S4,288,为应对全球经济复苏中出现 的新的不确定性，主要新兴经济体宏观经济政策出现分化。,0
45545,2021,3,S5,560,进一步完善债券市场法制，加强信息披露要求，强化中介机构监管。,0
43194,2020,3,S5,613,稳妥推进各项风险化解任务，坚决不让局部风险发展 成系统性风险、区域性风险演化为全国性风险。,1
13328,2008,2,S3,220,民间借贷 在中外各国均长期存在。,0
25621,2013,4,S2,120,2013 年末，钢铁业中长期贷款同比下降 10.7%， 建材业中长期贷款同比下降 3.3%。,1
34531,2017,1,S4,423,农业生产总体稳定，种植结构调整优化。,0
39338,2018,4,S4,596,全国房屋施工面积为 82.2 亿平方米，同比增长 5.2%，增 速较上年提高 2.2 个百分点。,0
20592,2011,2,S4,502,收支 相抵，收入大于支出 1.24 万亿元。,0
48519,2022,4,S1,11,近年来，我国始终坚持实施稳健的货币政策，维持正常的货币政策空间， 为保持基本稳定的央行利润提供了重要条件。,0
41048,2019,2,S3,330,股票市场筹资额同比增加。,0
22903,2012,2,S4,433,第二季度各月，进口价格同比分别下降 0.2%、1.1%和 0.7%，平 均降幅为 0.7%；出口价格同比分别上涨 4.8%、2.9%和 2.9%，平均涨 幅为 3.5%。,0
42103,2020,1,S2,120,一是保持流动性合理充裕。,0
28817,2015,1,S1,28,总体看，2015 年以来贷款增长较多，金融机构反映贷款需求比较旺盛，特别是金融 机构主动对接国家战略，加大了对一带一路、长江经济带、京津冀协 同发展等战略经济带的信贷支持。,0
47016,2022,1,S2,212,这既维护了银行存款 利率的自主定价权，也有利于引导降低中长期定期存款利率，优化定期存款期限 结构，促进市场有序竞争，提高金融支持实体经济的可持续性。,0
12985,2008,3,S4,414,数据显示，2008 年上半年全国财政收入累计增长 33.3%；第三季度增长 10.5%，各月 分别增长 16.5%、10.1%、3.1%。,0
35621,2017,2,S2,195,农村信用社改革取得重要成果。,0
16239,2009,4,S4,404,在发达经济体，由于能源价格反弹足以抵消 劳动力成本下降的影响，总体通货膨胀率将从2009年的零水平上升到 2010年的1.25%。,1
40198,2019,3,S1,61,从人民币存款部门分布看，住户存 款和非金融企业存款分别同比多增 2.9 万亿元和 9204 亿元；非银行 6 业金融机构存款同比少增 1.8 万亿元。,0
49276,2023,1,S2,121,第一季度，人民银行密切关注宏观经 济金融运行情况，加强银行体系流动性供求形势研判和市场监测，结 合一级交易商需求灵活把握公开市场逆回购操作力度和节奏，与中长 期流动性投放工具合理搭配，保持银行体系流动性合理充裕。,0
39374,2018,4,S5,632,2018 年城镇化率 提高超过 1 个百分点，新型城镇化、服务业、高端制造业以及消费升 级仍有较大的发展空间，回旋空间也比较大。,0
15278,2009,3,S5,452,受全球主要经济体普遍采取大规模经济刺激措施等因素影响， 2009 年以来还出现了国际初级商品价格大幅上涨以及资产价格明显 反弹等现象，也反映出市场上形成了一定的通胀预期。,1
4675,2004,3,S4,307,中国人民 银行 2004 年三季度储户问卷调查显示，居民的消费意愿继续谨慎回 升。,0
6192,2005,1,S5,389,（六）加快推进金融企业改革 推动各类金融企业围绕转换经营机制和建立现代金融企业制度 进行微观重组再造。,0
53169,2024,2,S3,367,6月末，票据融资余额12.8万亿元，同比上升 7.5%，占各项贷款的比重为5.1%，同比减少0.1个百分点。,1
30641,2015,2,S4,514,从币种 结构看，本币外债余额为 8047 亿美元，占 48.1%；外币外债余额（含 SDR 分配）为 8685 亿美元，占 51.9%。,0
23942,2013,1,S3,277,第一季度， 金融机构累计贴现 9.5 万亿元，同比增长 67.3%；期末贴现余额为 2.2 万亿元，同比增长 21.6%。,0
23769,2013,1,S1,104,四是信息不透明。,0
1147,2001,4,S4,189,预计2001年农民人均纯收入达2366元，实际增长4.2％，增幅出现回 升，但仍比城镇居民收入增幅低4个百分点，城乡居民收入差距继续扩大。,0
6967,2005,2,S4,258,5月份以来，失业率略有下降，5 月份和 6 月份均为 8.7%， 比前四个月下降 0.1 个百分点。,0
21340,2012,1,S1,38,表 1 2012年第一季度分机构人民币贷款情况 单位：亿元 2012年第一季度 2011年第一季度 新增额 同比多增 新增额 同比多增 中资全国性大型银行① 12052 1029 11024 -2753 中资全国性中小型银行② 5968 -621 6589 336 中资区域性中小型银行③ 3277 1410 1867 176 农村合作金融机构④ 4824 232 4592 -171 外资金融机构 154 -32 186 -325 注：①中资全国性大型银行是指本外币资产总量超过2万亿元的银行（以2008 年末各金融机构本外币资产总额为参考标准）。,0
16438,2009,4,S5,603,城市 消费逐步进入更新换代期，随着收入水平提高，农村消费也将跃上新 50 的台阶。,0
3508,2003,2,S5,340,要按照 扩大内需、调整结构，深化改革、推进开放，统筹兼顾、协调发展，促进就业、 改善生活的思路，安排好各项工作，切实把着力点放在调整经济结构、提高经济 增长的质量和效益上来。,0
42995,2020,3,S4,414,在去年财政政策高基数的基础之上，以上三项 合计净增加 3.6 万亿元财政支持。,0
33904,2016,4,S4,481,服务业实际使用外资 5715.8 亿元人民币，比上年增长 45 1Q7002 4Q7002 3Q8002 2Q9002 1Q0102 4Q0102 3Q1102 2Q2102 1Q3102 4Q3102 3Q4102 2Q5102 1Q6102 4Q6102 亿美元 贸易差额（左轴） % 80 出口当季同比（右轴） 进口当季同比（右轴） 60 40 20 0 -20 -40 8.3%，占外资总量的 70.3%；高技术服务业实际使用外资 955.6 亿元 人民币，增长 86.1%。,0
13922,2008,4,S3,238,分期 限看，5年期以下债券品种发行量占比为61%，同比下降3.6个百分点， 其中1年期以下品种占比同比下降5.7个百分点，1-3年品种占比同比 上升2.6个百分点。,1
15487,2009,2,S3,183,其他债券发行利率也有所上升。,0
36221,2017,4,S2,147,2017 年以来，随着供给侧结构性改革、简政放权、创新驱动战略等深化实 施，我国经济结构加快调整，发展新动能增强，经济增长的稳定性、 协调性进一步增强。,0
33707,2016,4,S3,284,债券市场产品创新和机制创新不断推进。,0
5885,2005,1,S2,82,2003 和 2004 年，为减轻对冲外汇占款的压力，适度控制金融机构信贷扩张，中国人民银行两 次提高存款准备金率，由6%调至7%，再至7.5%。,0
49881,2023,3,S2,132,在各级财 力未能完全顾及、社会资金进入意愿不足而又亟需加强资金支持的重点领域和薄 弱环节，货币政策主动补位，通过发挥激励引导作用，能够鼓励更多金融资源提 供融资支持，银行信贷结构也进一步优化，体现出相应的结构调节效应。,0
26595,2014,1,S4,408,第一季度，城镇居 民人均可支配收入 8155 元，同比增长 9.8%，扣除价格因素实际增长 7.2%；农村居民人均现金收入 3224 元，同比增长 12.3%，扣除价格 因素实际增长 10.1%。,0
41368,2019,2,S5,650,建立健全金融市场基础设施的统筹管理框架，进一步加 强市场基础设施建设，确保金融市场整体稳定和安全高效运行。,0
6685,2005,3,S5,484,（二）继续贯彻落实利率市场化的政策 按照利率市场化改革要求，继续贯彻落实已出台的利率市场化政 策，研究相关的配套措施，引导商业银行和农村信用社提高风险定价 和负债管理的能力。,0
15740,2009,2,S4,436,（四）财政收入降幅减小，财政支出保持较快增长 上半年，全国财政收入 33976 亿元，同比下降 2.4%，增速比上 年同期降低 35.7 个百分点，比第一季度回升 5.9 个百分点；财政支 出 28903 亿元，同比增长 26.3%，增速比上年同期降低 1.4 个百分点， 比第一季度减慢 8.5 个百分点；收支相抵，收大于支 5074 亿元，比 上年同期减少 6853 亿元。,1
18043,2010,2,S4,365,第二季度以来，少数经济体实施 了降息政策。,0
18543,2010,4,S3,254,全年“外币对”累 计成交金额折合 666 亿美元，同比增长 63.9%，其中成交最多的产品 为美元对港币，市场份额为 60.4%，同比上升 9.5 个百分点。,0
52869,2024,2,S1,67,狭义货币供应量（M1）余额为 66.1 万亿元， 同比减少 5.0%。,1
46752,2021,4,S5,611,2021 年我国 CPI 全年均值 0.9%。,0
38045,2018,3,S5,606,从国内看，基建投资增速下行， 金融机构风险偏好下降，信用增长延续放缓态势，小微企业、民营企 业融资难问题较为突出，货币政策传导仍然面临一定约束。,1
45202,2021,3,S3,217,货币市场交易活跃。,0
34768,2017,3,S1,50,二是信托贷款和未贴现银行承兑汇票同比多增较多，委托贷 款同比明显减少。,1
2538,2003,1,S3,141,本季，累计发行政策金融债400亿元， 同比增加200亿元，增长1倍。,0
33005,2016,2,S3,237,5 4 3 2 1 0 数据来源：中国人民银行。,0
49708,2023,1,S5,553,持续发挥政策性开发性金融工具的作 用，增强政府投资和政策激励的引导作用，有效带动激发民间投资。,0
368,2001,3,S1,42,出口退税账户托管贷款为商 - 4 - 2001年第三季度货币政策执行报告 业性贷款，期限最长不超过一年，贷款比例原则上不超过企业应得退税款的70%。,0
42041,2020,1,S1,58,狭义货币供应量 M1 余额为 57.5 万亿元，同比增长 5.0%，比上年末高 0.6 个百分点。,0
50727,2023,2,S4,416,（一）消费稳步恢复，投资平稳增长，进出口保持增长 35 居民收入平稳增长，消费潜力逐步释放。,0
13216,2008,2,S2,108,的存款准备金政策...............................................12 平衡...........................................................15 2008 年上半年，中国人民银行按照党中央、国务院的各项决策 部署，坚持一手抓抗震救灾和灾后重建，一手抓经济社会发展，正确 把握金融调控的重点、节奏和力度，坚持“区别对待、有保有压”， 采取综合措施加强银行体系流动性对冲，引导货币信贷合理增长和信 贷结构优化，继续稳步推进金融企业改革，增强人民币汇率弹性，改 进外汇管理，维护总量平衡。,0
39629,2019,1,S2,177,做好易地扶贫搬迁安置 后综合金融服务。,0
45896,2021,2,S3,335,30 表11 2021 年上半年各类债券发行情况 单位：亿元 债券品种 发行额 较上年增减 国债 28086 2748 地方政府债券 33411 -1453 中央银行票据 0 0 金融债券① 162071 34273 其中：国家开发银行及政策性金融债 30708 2893 同业存单 109283 31008 公司信用类债券② 70349 -1727 其中：非金融企业债务融资工具 46883 -2249 企业债券 2667 351 公司债 15347 364 国际机构债券 465 70 合计 294382 33911 注：①金融债券包括国开行金融债、政策性金融债、商业银行普通债、商业 银行次级债、商业银行资本混合债、证券公司债券、同业存单等。,0
27392,2014,3,S4,548,商品房销售增速持续回落。,1
45776,2021,2,S2,215,目前，全国性金融机构均建立了 FTP 相关制度和系统，并不断完善挂钩 LPR 的贷款FTP 机制，LPR 的变动可及时通过 FTP 传导至贷款端。,0
11065,2007,2,S3,259,期末商业汇票未到期金额 2.5 万亿元，同比增 长 7.4%；贴现余额 1.8 万亿元，同比下降 11.1%；再贴现余额 49.1 亿元，同比增加 43.5 亿元。,1
49444,2023,1,S3,289,一季度债券市场现券总成交74.9万亿元， 同比增长7.3%。,0
24773,2013,3,S4,513,前三季度，在 41 个工业大类行业中，24 个行业主营活动利润比上年 同期增长，2 个行业由上年同期主营活动亏损转为盈利。,0
52659,2024,3,S4,487,前三季度，全国规模 以上工业增加值同比增长5.8%。,0
33420,2016,2,S5,652,深化资本市场体制机制改革，促 进资本市场稳定健康发展。,0
9169,2006,2,S5,441,在继续加强宏观调 控各项政策措施的综合作用下，下半年经济增长可望略有放缓，但总 体上仍将保持平稳较快的发展势头。,1
41983,2019,4,S5,606,着力推动完善防范 化解金融风险长效机制建设，用改革的办法推进金融业高质量发展， 牢牢守住不发生系统性风险的底线。,1
34691,2017,1,S5,583,支持人民币在跨境贸易和投资中的使用，积极发挥本币在“一带一路” 建设中的作用。,0
43465,2020,2,S3,270,6 月同业拆借月加权平均利率为 1.85%，质押式 回购月加权平均利率为 1.89%，均比 3 月上升 45 个基点；银行业存 款类金融机构间利率债质押式回购月加权平均利率为 1.75%，低于质 押式回购月加权平均利率 14 个基点。,0
50676,2023,2,S3,365,推进资本市场双向开放。,0
48859,2022,4,S3,351,“外币对”累计成交金额折合 1.5 万亿美 元，同比减少 3.3%，其中成交最多的产品为欧元对美元，占市场份 额比重为 53.9%。,1
25743,2013,4,S3,242,这与市场传闻扰动、企业税收 集中清缴、端午节假期现金需求、外汇市场变化以及商业银行半年末指标考核等 多种因素叠加有关。,0
44127,2020,4,S3,349,7月人民银行联合相关部门 发布《标准化债权类资产认定规则》（中国人民银行 中国银行保险监 督管理委员会 中国证券监督管理委员会 国家外汇管理局公告〔2020〕 第 5 号），明确了标债资产与非标资产界限、认定标准及监管安排， 引导市场规范发展。,0
44797,2021,1,S4,364,全球经济回暖拉动大宗商品 和原材料需求走高，加上流动性环境极度宽裕，国际大宗商品如铁矿 石、铜、原油、大豆等产品价格上涨较快。,0
53402,2024,2,S5,600,外部环境复杂性、严峻性、不确 定性仍然较大，带来的不利影响增多，全球经济增长动能偏弱，局部 冲突和动荡频发，全球性问题加剧。,1
17090,2010,3,S1,33,9 月末，住户贷款余额同 比增长 42.2%，增速比 6 月末低 7.1 个百分点，2010 年以来持续维持 较高水平增长，比年初增加 2.4 万亿元，同比多增 5277 亿元。,0
705,2001,2,S1,40,人民币兑美元汇率为 8.2770:1，继续保持 平稳态势。,0
27461,2014,3,S5,617,继续通过保持货币信贷合理增长、完善银行公司治理、清理不合理金 54 融服务收费、完善多层次资本市场、增加金融供给、加大改革和结构 调整力度等多措并举，标本兼治，着力降低社会融资成本。,0
20233,2011,2,S2,143,积极推进和完善信贷政策导向评估，全面提 高信贷政策导向力，研究开展涉农信贷政策和中小企业信贷政策导向 效果评估工作。,0
43861,2020,4,S1,83,2020 年末，中国外汇交易中心（CFETS）人民币汇率指数 报 94.84，较上年末升值 3.78%；参考特别提款权（SDR）货币篮子的 人民币汇率指数报 94.23，较上年末升值 2.64%。,0
16749,2010,1,S4,269,日本经济增长明显增强，但通缩压力依然存在。,1
43357,2020,2,S2,162,加大制造业中长期融资支持，建立制造 16 业中长期贷款部门协调会商机制。,0
51714,2024,1,S2,152,扎实推进制度建设，研究拟 定系统重要性保险公司附加监管规定。,0
461,2001,3,S3,135,（五）固定资产投资继续攀升，在一定程度上抵消了外需的下降 今年以来，固定资产投资加速增长。,0
30719,2015,2,S5,592,数量和价格相互配合，在金融调控中发挥了重要作用。,0
32824,2016,2,S1,56,②当期数据为初步统计数。,0
43562,2020,2,S4,367,截至 6 月 30 日，1 年期伦敦同业拆借市场美元Libor为 0.55%， 比3月末下降45个基点；1年期欧元区同业拆借利率Euribor为-0.23%， 比 3 月末下降 6 个基点。,0
17834,2010,2,S2,156,中国农业银行股票于 7 月 15 日、 16 日分别在上海证券交易所和香港联交所挂牌上市，大型商业银行 改革完成收官之战。,0
1340,2002,1,S2,109,3月末，全国累计批准外商投资企业 396197个，合同外资金额7631.46亿美元，实际使用外资金额4053.34亿美元。,0
5414,2004,4,S2,128,先行试点地区农村 信用社的历史包袱得到明显化解，总体经营状况有所好转；支农金融 服务功能有所增强；增资扩股进度较快，资本充足率迅速提高。,0
6445,2005,3,S3,244,9 月末，银行存款占总资产比重 34.7 %，同比下降 9.9 个百分点； 国债和证券投资基金投资分别占比 23.2%和 7.4%，同比分别上升 3.8 个和 1.5 个百分点。,1
19059,2011,1,S2,151,一是有利 于在“一国两制”制度下建设和发展香港国际金融中心，促进香港长期繁荣稳定。,0
11423,2007,4,S1,24,分机构看， 2007 年各类金融机构贷款普遍多增。,0
27033,2014,3,S2,189,不少金融机构的小微 企业、涉农贷款比例还有提升空间，潜力在于存量结构的改善，如果能够压缩其 他类贷款，将收回再贷以及新增贷款中的更高比例投向小微企业、涉农贷款，就 能在总量一定的条件下使这些领域得到更多支持。,0
9162,2006,2,S4,434,在衣着、家用和产业用三大纺织产品中，劳动密集的服装加 39 工竞争激烈，技术含量较高的产业用纺织品比重较低；企业小而散， 市场竞争力不强，大型企业普遍缺少核心技术和跨国配置资源能力； 中西部差距依然较大。,0
8603,2006,3,S4,309,加工贸易赚取的是 出口和进口之间的增值部分，这决定了加工贸易必然出现顺差。,0
27680,2014,2,S2,186,扎实推进资本项目可兑换。,0
51160,2023,4,S2,264,2023 年末，在人民银行与境外货 币当局签署的双边本币互换协议下，境外货币当局动用人民币余额 1148.86 亿元，人民银行动用外币余额折合 2.46 亿美元，对促进双边 贸易投资发挥了积极作用。,0
53208,2024,2,S4,406,发达 经济体通胀压力有所缓解，但回落速度放缓，出现反复的风险依然存 在，未来货币政策仍有不确定性。,1
12208,2008,1,S3,183,3月末，沪 市A股静态市盈率39.5倍，与2007年2月末相当。,0
14544,2009,1,S3,228,股票市场融资额减少。,0
32952,2016,2,S2,184,截至 6 20 月末，全国共组建以县（市）为单位的统一法人农村信用社 1187 家， 农村商业银行 979 家，农村合作银行 56 家。,0
51614,2024,1,S1,52,3 月，活期、3 个月以内大 额美元存款加权平均利率分别为 2.46%和 4.89%，分别较上年 12 月上 升 0.23 个和 0.19 个百分点；3 个月以内、3（含）～6 个月美元贷款 5 加权平均利率分别为 5.83%和 5.75%，分别较上年 12 月上升 0.02 个 和下降 0.05 个百分点。,0
36105,2017,4,S1,31,究其原因，一是在 M2 增速下行的同时， 贷款和社会融资总量保持较快增长，对实体经济的支持力度并不弱。,0
1082,2001,4,S3,124,全年实现国内生产总值95933亿 元，按可比价格计算，比上年增长7.3%，增幅虽比上年回落0.7个百分点，但 高于年初预计7％的速度。,1
28146,2014,4,S1,31,"年末，住户贷款余 额为 23.1 万亿元，同比增长 16.6%，增速比上年末低 6.5 个百分点, 比年初增加 3.3 万亿元，同比少增 4218 亿元。",0
22505,2012,2,S1,35,分机构看，中资全 国性大型银行、中资区域性中小型银行及农村合作金融机构贷款同比 3 多增较多。,0
23237,2012,4,S3,212,从期限结构看，市场交易仍主要集中于隔夜品种，回 购和拆借隔夜品种的成交分别占各自总量的80.7%和86.3%，占比同比 分别提高5.9个和4.6个百分点。,0
30863,2015,4,S1,89,资本项下人民币收付金额合计 4.87 万亿元，同比增长 43%。,0
25498,2013,2,S5,615,强化跨行业、跨市场、跨境金融风险 的监测评估，防范实体经济部分地区、行业、企业风险及非正规金融 风险向金融体系传导。,0
44363,2020,4,S5,585,中长期看，经济稳中向好、长期向好、 高质量发展的基本面没有改变。,0
25363,2013,2,S4,480,从生产过程分类看，呈现中上游产品价格降 幅继续扩大，下游产品价格小幅上涨的特征。,0
47438,2022,3,S1,66,货币信贷总量合理增长，有力支持实体经济。,0
52,2001,1,S1,52,一季度末，金融机构各项贷款 增长 13.9%，与上年同期和年末基本持平。,0
4498,2004,3,S2,130,前者是稳 步推进利率市场化的又一重要步骤，有利于完善中央银行利率形成机 制，理顺中央银行和借款人之间的资金利率关系，并逐步提高中央银 行引导市场利率的能力。,0
23661,2012,4,S5,636,六是有效防范系统性金融风险，切实维护金融体系稳定。,1
47836,2022,3,S4,464,初步统计，前三季度，我国经常账 户顺差 3104 亿美元，同比增长 56%，与同期国内生产总值（GDP） 之比为 2.4%。,0
7470,2005,4,S3,277,表 5：2005年末主要保险资金运用余额及占比情况表 余额（亿元人民币） 占资产总额比重（%） 2005年末 2004 年末 2005年末 2004 年末 资产总额 15226 11854 100.0 100.0 其中：银行存款 5241 4969 34.4 41.9 投资 8894 5712 58.4 48.2 国债 3588 2652 23.6 22.4 证券投资基金 1099 673 7.2 5.7 其他投资 4207 2387 27.6 20.1 数据来源：中国保险监督管理委员会 （六）银行间外汇市场首次推出“外币对”交易和远期交易 2005年5月18日，银行间外汇市场推出八种“货币对”即期外币交 易，截至2005年末，八种“货币对”累计成交折合521亿美元。,0
35274,2017,3,S4,556,商品房销售继续保持增长，但增速趋缓。,1
50896,2023,2,S5,585,继续 健全金融稳定监测评估框架，优化央行评级、监测预警、压力测试工 作框架，切实防止金融风险累积、扩散。,0
625,2001,3,S4,299,3．围绕房地产的法制建设滞后于产业发展，房地产业的健康发展缺乏法律 保障。,0
15418,2009,2,S2,114,工作小组围绕政策性金融机构职能定位、业务范围、风险控 制、治理结构等主要问题深入调研，推动两家机构扎实进行内部改革， 促进其不断改进政策性金融服务。,0
29826,2015,3,S4,365,制造业 PMI 继续位于扩张区间，出口增长小 幅放缓。,1
5234,2004,2,S5,410,由于世界经济持续恢复，主要经济体的货币政策可能维持不变。,0
14340,2009,1,S1,24,表 1 2009年第一季度分机构人民币贷款情况 单位：亿元 2009年第一季度 2008年第一季度 新增额 同比多增 新增额 同比多增 政策性银行① 3 688 2 085 1 602 744 国有商业银行② 23 120 17 893 5 227 -721 股份制商业银行 11 778 9 079 2 699 -817 城市商业银行 2 706 2 019 687 -207 农村金融机构③ 4 225 1 902 2 323 -252 外资金融机构 -264 -654 389 165 注：①政策性银行包括：国家开发银行、中国进出口银行、中国农业发展银行。,0
37012,2018,1,S2,207,做好存款保险保费归集和基金管理工作。,0
29769,2015,3,S3,308,9月末，票据融资余额比年初增加14003 亿元，同比多增6648亿元；占各项贷款的比重为4.7%，同比上升1.3 个百分点。,0
29046,2015,1,S3,257,从上述分析可以看出，转型期的货币政策实际上需要兼顾“量”与“价”目 标的平衡。,0
4792,2004,3,S5,424,巩固宏观调控的效 果，努力避免大起大落。,0
12514,2008,1,S4,489,石油加工行业由上年 同期盈利 156 亿元转为净亏损 239 亿元。,0
895,2001,2,S4,230,3、从构成看，全要素生产率的提高是由劳动力生产率提高推动的。,0
31156,2015,4,S3,382,其中，黄金 累计成交 3.41 万吨，同比增长 89.6%；成交金额 8.01 万亿元，同比 增长 79.4%。,0
30069,2015,3,S5,608,从国际环境看，金融危机 后世界经济总体疲弱并呈现内生化特征，全球贸易增速较低，外部经 济的拉动作用减弱。,1
7977,2006,1,S3,190,尤其是在现阶段直接融资渠道不畅、货币市场利率走低和商业银行竞争 压力加大的情况下，企业和商业银行关注和运用票据融资业务有其必然性和合理 18 性。,1
41424,2019,4,S1,47,五 是存款类金融机构资产支持证券融资少于上年，贷款核销同比多增。,0
31463,2015,4,S5,689,例如，1990年代中后期，我国通过改革促进了房地产和汽车产业的大发展， 对摆脱亚洲金融危机后的经济低迷发挥了重要作用。,1
10795,2007,3,S5,583,继续深化外 汇管理体制改革，加强对资本流动的监测、引导和管理。,0
29487,2015,3,S1,26,从期限看，中长期贷 款比年初增加 5.2 万亿元，同比多增 6895 亿元，增量占比为 52.9%。,0
38684,2018,2,S5,589,当然也要 看到，当前外部环境发生明显变化，贸易摩擦可能造成外需对经济的边际拉动作 用减弱。,0
6933,2005,2,S3,224,债券远期交易推出后交易顺畅、市场运行平稳，截止 6 月 30 日， 共有 15 家机构参与了远期交易，共成交 23 笔，累计成交总额 14 亿 元。,0
3605,2003,4,S2,84,与此同时，中国人民银行还对一些利率管理制度进行了改革，进一步理顺利 率结构，稳步推进利率市场化进程。,0
39504,2019,1,S1,52,专栏 1 以适度的货币增长支持高质量发展 稳健货币政策力度把握是否合适，主要看货币条件是否与保持经济平稳增长 及物价稳定的要求相匹配，即广义货币 M2增速与国内生产总值（GDP）名义增速 要匹配。,0
51260,2023,4,S3,364,12 月，人民银行发布《银 行间债券市场债券估值业务管理办法》，明确了估值机构内部治理、 估值基本原则、估值方法、信息披露、利益冲突等要求，提高债券估 31 值业务的中立性、公允性、专业性、透明性，提升债券市场定价的有 效性和市场功能，防范市场风险。,0
45181,2021,3,S2,196,有 序推进中小金融机构风险处置和改革重组，重点高风险集团风险处置 工作取得阶段性进展。,0
37972,2018,3,S4,533,下一阶段，要加强对价格形势的监测分析，改善供 给、优化结构，增强经济内生增长动力，促进经济平稳健康发展。,0
28710,2014,4,S5,595,IV 专栏 表 图 V 国际金融危机爆发以来，全球经济进入深刻的再平衡调整期，这 一进程仍未完成。,0
3770,2003,4,S4,249,作为中央银行，中国人 14 民银行需要密切关注物价走势，除了关注居民消费价格指数（CPI），还关注生 产价格指数（PPI）、出口价格指数、进口价格指数、GDP缩减指数、房地产价 格指数、股票价格指数等，并全面分析各种价格指数之间的关系和价格传导过程。,0
49090,2022,4,S5,582,三是 2022 年出台的稳经济 一揽子政策和接续措施深入落实，对实物量和经济增长的拉动效应将 持续释放。,0
2973,2003,3,S3,221,2003 年 1-9 月，全国保费收入 2968 亿元，同比增长 31.2%。,0
46223,2021,4,S1,82,7 外币存款利率和贷款利率均有所下降。,0
26152,2013,4,S5,651,严格控制对高耗能、高排放行 业和产能过剩行业的贷款，促进产能过剩矛盾化解。,0
49773,2023,3,S1,24,9 月，1 年期和 5 年期以上 LPR 分别为3.45%和4.20%，分别较上年12月下降0.2个和0.1个百分点。,0
42516,2020,1,S5,533,IV 专栏 表 图 V 今年第一季度，新冠肺炎疫情对我国经济社会发展带来前所未有 的冲击。,0
11996,2007,4,S5,597,同时，稳步推进利率市 场化改革，推动货币市场基准利率体系建设，引导金融机构提高利率 定价能力，完善贴现利率市场化形成机制。,0
32766,2016,3,S5,609,继续完善存款保险制度 功能，稳步推进风险差别费率等核心机制发挥作用，加强高风险金融 机构的监测，完善金融机构市场化退出机制。,0
40802,2019,2,S1,84,6 月末，CFETS 人民币 汇率指数报 92.66，较上年末上涨 0.66%；参考 SDR 货币篮子的人民 币汇率指数报 92.89，较上年末下跌 0.27%，根据国际清算银行的计 算，上半年人民币名义有效汇率贬值 0.22%，实际有效汇率贬值 0.54%； 2005 年人民币汇率形成机制改革直至 2019 年 6 月，人民币名义有效 汇率升值 31.53%，实际有效汇率升值 41.69%。,0
26432,2014,1,S3,245,5.5 % 5.0 4.5 4.0 3.5 3.0 年 2.5 0.5 1 2 3 4 5 6 7 8 9 10 11 12 13 14 15 16 17 18 19 20 21 22 23 24 25 26 27 28 29 30 2013年12月底 2014年1月底 2014年2月底 2014年3月底 数据来源：中央国债登记结算有限责任公司。,0
2735,2003,1,S5,338,（二）保持利率和汇率政策的基本稳定，稳步推进利率市场化 继续保持存贷款利率政策和汇率政策的基本稳定，合理引导市场预期。,0
2190,2002,4,S3,174,2002年12月末，国债余额约为1.93 万亿元，比上年末增长 23.7%，约占当年国内生产总值 GDP的 19%，比上年末提 高2.7个百分点。,0
6289,2005,3,S2,88,积极推动下岗失业人员 小额担保贷款制度创新，努力推动创建信用社区试点，支持扩大就业 和再就业。,0
15322,2009,2,S1,18,分机构看，国 有商业银行信贷份额下降，股份制商业银行和城市商业银行信贷份额 提升。,0
21120,2011,4,S4,419,2011 年贸易顺差为 1551 亿美 元，比上年减少 264 亿美元，已连续三年下降。,0
36735,2017,4,S5,661,金融体系控制内部杠杆也取得阶段性成效。,0
2356,2002,4,S5,340,从国内看，2003年经济金融发展面临许多有利条件：第一，党的十六大提 出，坚持把发展作为党执政兴国的第一要务，十六大确定的包括国有资产管理体 制改革，允许劳动、资本、技术、管理等生产要素参与分配，鼓励、支持和引导 非国有经济的发展等新政策对解放生产力、发展生产力非常有利。,0
40316,2019,3,S2,179,四是有效做好金融支持就业创业。,0
37459,2018,3,S1,20,实施存款准备金双平均法考核，公开市场操作从每周两次增加至每日操 作，推出常备借贷便利工具和自动质押融资工具等，均有利于降低金融机构的预 防性超额准备金需求。,0
1988,2002,2,S5,219,全年国内生产总值增长有可能超 过7.5%。,0
10148,2007,1,S4,464,3 月 末，商品住宅空置面积 6900 万平方米，下降 1.2%。,0
4846,2004,2,S1,22,今年以来居民储蓄存款增 速逐月减缓，储蓄存款增幅由年初 1 月末 20.5%下降到 6 月末 16.5%； 从储蓄存款构成看，定期储蓄存款比重不断下降。,1
16725,2010,1,S3,245,（二）完善保险市场基础性制度建设 为加强和完善对保险公司董事、监事和高级管理人员的管理，中 国保险监督管理委员会（以下简称保监会）于 1 月发布《保险公司董 事、监事和高级管理人员任职资格管理规定》，提高了董事、监事和 高级管理人员的任职资格条件，明确了任职资格核准等内容，有利于 完善保险公司治理结构。,0
18836,2010,4,S5,547,但也要看到，世界经济运行中的不稳定不确定因素仍然较多，全 球经济新的增长点还不明朗，加之受制于财政债务、企业和家庭去杠 杆化等因素影响，复苏进程仍将艰难曲折。,0
34096,2016,4,S5,673,继续推动落实交通银行深化改革方 案，不断提高其市场竞争力。,0
38818,2018,4,S1,76,三 是企业债券融资显著增加，股票融资同比少增。,0
3829,2003,4,S5,308,总体看，2003年货币信贷调控 取得了积极成效，信贷增长偏快的趋势得到有效控制，为国民经济持续快速协调 健康发展提供了稳定的金融环境。,0
4962,2004,2,S2,138,我国商业银行发行次级债券补充附属资本意义重大： 首先，发行次级债券有利于商业银行拓宽资本筹集渠道，推动商业银行改革。,0
34150,2017,1,S1,42,近年来，随着 对存款准备金实施双平均法考核以及公开市场操作频率提高至每日操作等，商业 银行的预防性流动性需求总体趋于下降，在一定程度上也会对央行资产负债表产 生影响。,0
14971,2009,3,S3,145,交易所市场国债回购累计成交 2.50 万亿元，同比增长 57.3%。,0
10403,2007,3,S3,191,前三季度，保险业累 计实现保费收入5328亿元，同比增长23.6%，其中财产险收入同比增 长35.9%。,0
7616,2005,4,S4,423,党的十六届五中全会提出建设社会主义新农村的重大历史任务，并明确要 求：“深化农村金融体制改革，规范发展适合农村特点的金融组织，探索和发展 农业保险，改善农村金融服务”。,0
1778,2002,2,S1,9,分机构看，1-6月份，国有独资商业银行本外币贷款增加4266亿元，同比多 增814亿元；股份制商业银行本外币贷款增加2436亿元，同比多增856亿元。,0
203,2001,1,S3,203,票据业务迅速发展，对于解决企业之间相互拖欠等，发挥了 一定的积极作用。,0
47532,2022,3,S2,160,今年以 来受多种因素影响，我国经济面临下行压力，基础设施建设投资也是稳定宏观经 济的重要手段。,1
27507,2014,2,S1,13,外币存款余额 为 5936 亿美元，同比增长 34.5%，比年初增加 1286 亿美元，同比多 1 增 973 亿美元，与 2012 年同期增量基本持平。,0
20796,2011,4,S2,95,公开市场操作利率有效引导市场预期。,0
51501,2023,4,S5,605,中美新一轮经贸对 话启动，有助于推动双边经贸关系健康稳定发展；我国与“一带一路” 共建国家经贸往来日益紧密，不断拓宽外贸发展空间。,0
20960,2011,4,S3,259,（四）股票市场指数震荡下行，成交量有所减少 股票市场指数震荡下行。,0
30329,2015,2,S2,202,同时，进一步完善应急管理预案，丰富政策 工具储备。,0
19765,2011,3,S3,270,上海清算所开办短期融资券登记托管业务是落实二 十国集团（G20）场外衍生品市场改革目标的实质性一步，也有助于 上海国际金融中心建设。,0
2842,2003,3,S2,90,存款准备金制度是现代金融制度的基础之一，其初始意义在于保证商业银 9 行的支付和清算，保证了金融机构不致因受到好的贷款条件的诱惑而将资金过多 地贷出，从而影响自身资金的流动性和和对客户的支付能力。,0
4394,2004,3,S1,26,在全部新增人民币贷款中，国有独资商业银行所占份额为 46%，同比 下降 5 个百分点；股份制商业银行占 21%，同比下降 2 个百分点；农 村信用社占 16%，同比提高 4 个百分点。,1
53902,2024,4,S4,444,（一）消费平稳增长，投资规模扩大，进出口较快增长 居民收入持续增加，消费稳步增长。,0
3180,2003,2,S1,12,其中：个人住房贷款增加 1521亿元，同比多增 478亿元；汽车贷款增加 483亿 元，同比多增 203亿元；四是农业贷款增加 1431亿元，同比多增 285亿元；五 是三资企业、私营和个体企业贷款、乡镇企业增加 1017亿元，同比多增 819亿 元。,0
15972,2009,4,S2,137,2009 年 8 月末，国开金融有限责任公司挂牌成立，国家开发银行在传统业务基 础上通过该公司大力发展股权投资业务。,0
1194,2001,4,S5,236,同时，由于金融市场工具创新相对比较不活跃，因 而货币供应量统计的可靠性较强。,0
4356,2004,1,S5,460,（二）密切关注物价走势变化，稳步推进利率市场化改革 密切观察二季度物价形势变动情况，根据宏观经济调控的需要， 研究运用价格杠杆等货币政策工具组合进行预调和微调的最优策略。,0
17269,2010,3,S3,212,表6：利率衍生产品交易情况 债券远期 利率互换 远期利率协议 交易笔数 交易量2 交易笔数 名义本金额 交易笔数 名义本金额 （笔） （亿元） （笔） （亿元） （笔） （亿元） 2006年 398 664.5 103 355.7 —— —— 2007年 1238 2518.1 1978 2186.9 14 10.5 2008年 1327 5005.5 4040 4121.5 137 113.6 2009年 1599 6556.4 4044 4616.4 27 60.0 2010年第一季度 552 1951.4 1872 2098.1 0 0.0 2010年第二季度 92 404.2 2390 2758.2 2 5.0 2010年第三季度 87 196.2 2722 3125.3 8 14.5 数据来源：中国外汇交易中心。,0
48377,2022,2,S4,439,在国内加大保供稳价、 基数效应等因素作用下，PPI同比涨幅继续回落，从今年1月的9.1%逐 步回落至6月的6.1%。,0
40123,2019,1,S5,671,稳步推 55 进人民币资本项目可兑换，推进人民币对其他货币直接交易市场发展， 完善人民币跨境使用的政策框架和基础设施，坚持发展、改革和风险 防范并重，支持人民币在跨境贸易和投资中的使用。,0
36884,2018,1,S1,79,第一季度，人民币跨境收付金额合计 3.15 万亿元，同比增长 87.1%。,0
1376,2002,1,S3,145,2002年一季度，银行间外汇市场 58个交易日，累计成交各币种折合美元 197.8亿美元，同比多增30.1亿美元，日均成交3.41亿美元，日均比去年同期 多成交0.66亿美元，增长24%。,0
22169,2012,3,S3,290,前三个季度，企业累计签发商业汇票 13.1 万亿元，同比增长 17.8%；期末商业汇票未到期金额 8.4 万亿元， 同比增长 28.7%。,0
45956,2021,2,S4,395,6 月美国失业率为 5.9%，较 5 月的 5.8% 小幅回升，显示其就业状况距离复苏至疫情前水平还有不小的差距。,0
27147,2014,3,S3,303,债券发行利率总体回落。,0
39820,2019,1,S3,368,第一季度，上海黄金交 易所黄金累计成交 1.46 万吨，同比增长 9.95%；成交金额为 4.15 万 31 亿元，同比增长 14.55%。,0
3133,2003,3,S5,381,由于世界经济出现恢复势头，主要工业国家货币政策可能会维持 不变。,0
47888,2022,3,S5,516,保持流动性 合理充裕，指导政策性、开发性银行用好用足政策性开发性金融工具 额度和 8000 亿元新增信贷额度，引导商业银行扩大中长期贷款投放， 保持货币供应量和社会融资规模合理增长，力争经济运行实现更好结 果。,0
1062,2001,4,S2,104,外汇市场2001年经受住了国际政治、经济、金融动荡的严峻考验，交易活 跃，秩序井然，人民币汇率保持稳定，有力促进了我国金融业和国民经济的平 稳运行。,1
42388,2020,1,S4,405,第四，疫情还影响了全球投资者预期，国际金融市场“黑天鹅”事件频发。,0
9401,2006,4,S3,192,一级市场融资成本上升，收益率 上升预期增强，宏观调控效果显现。,0
28923,2015,1,S2,134,一是投向产业部门和基础设施领域的 贷款增长较快。,0
19570,2011,3,S1,75,二是外币贷款比重明显上升。,0
837,2001,2,S3,172,3、市场利率继续回落。,0
35991,2017,2,S5,565,完善对普惠金融的货币信贷支持政策，发挥好信贷政策支持 55 再贷款、宏观审慎评估有关政策参数、信贷政策导向评估等对普惠金 融业务的正向激励和引导作用，加强对小微企业、“三农”和偏远地区 的金融服务。,0
50232,2023,3,S4,483,中秋、国庆假期票房收入较 2019 年同期 增长 82.6%。,0
6725,2005,2,S1,16,分机构看，人民币贷款除国有独资商业银行1同比少增外，其他 金融机构均同比多增。,0
9210,2006,4,S1,1,2006年，我国国民经济继续保持平稳较快增长，金融运行平稳。,0
1948,2002,2,S4,179,房地产投资在全社会固定资产投资中所占比重约13%，五年来房地产投 资的增长明显带动了固定投资增长（见表4）。,0
6806,2005,2,S2,97,三是稳步推进证券项下资本项目开放。,0
29455,2015,1,S5,666,进一步完善互联网 金融相关标准和制度，促进公平竞争，加强行业自律，提升风险防控 能力，切实维护投资者权益，促进互联网金融健康发展。,0
1030,2001,4,S1,72,截至12月底，金融机构外汇贷款余额806亿美元，比年 初减少43亿美元，同比少降60亿美元。,0
23885,2013,1,S2,220,优化指标结构，将调增指标用 于支持中小企业融资。,0
19466,2011,1,S5,558,要保持必要的调控力度，巩固和加强前期调控成果，进一步 巩固经济发展的良好势头。,0
8495,2006,3,S3,201,第三季度，3 年期记账式国债利率为 2.34%，比二季度上升0.22个百分点；3年期凭证式国债利率为3.39%， 比二季度上升 0.25 个百分点。,0
2036,2002,4,S1,20,按四级分类标准，金融机构不良贷款额比上年减少 951亿元，不良 贷款率下降4.5个百分点，2002年末为19.8%，其中四大国有独资商业银行不良 贷款减少 640亿，不良贷款率下降 3.95个百分点，2002年末为 21.4%。,0
16525,2010,1,S1,45,分机构看，中资全国性大型银行、全国性中小 型银行及区域性中小型银行贷款同比少增。,0
19670,2011,3,S2,175,截至 9 月末，全国共组建以县（市）为单位的统一法人 农村信用社 1942 家，农村商业银行 134 家，农村合作银行 214 家。,0
23175,2012,4,S2,150,2012 年银行累计办理人民币跨境直接投资结算业务 2840.2 亿元，其中对 外直接投资结算金额 304.4 亿元，外商直接投资结算金额 2535.8 亿 元。,0
46498,2021,4,S3,357,2021年，银行间市场债券回购累计成交 1045.2万亿元，日均成交4.2万亿元，同比增长8.5%；同业拆借累计成 交118.8万亿元，日均成交4753亿元，同比减少19.6%。,1
22999,2012,2,S5,529,加强 与产业政策的协调配合，改进和完善宏观信贷政策指导。,0
1599,2002,3,S2,127,£¨Ò»£© 经济保持快速增长，价格水平降幅趋缓 1-3季度国内生产总值（GDP）增长 7.9%。,1
24292,2013,3,S1,32,④小型农村金融机构包括 农村商业银行、农村合作银行、农村信用社。,0
18935,2011,1,S1,27,3 月末，住户贷款同比增长 28.3%， 比上年末低 9.3 个百分点，比年初增加 7557 亿元，同比少增 1661 亿 元。,0
1690,2002,3,S3,218,其中A股累计成交22531 亿元，同比减少4975亿元；日均成交128亿元，同比减少26亿元，下降16.9%， 第三季度，沪、深两市股票共成交6425亿元，日均成交99亿元，日均成交比上 季减少50亿元，比去年同期减少14亿元。,1
3540,2003,4,S1,19,2003年末，中国人民银行基础货币余额为 5.23万亿元，同比增长 16.7%， 增幅比上年末提高4.9个百分点。,0
50346,2023,2,S1,35,表5 2023年1～6月大额美元存款与美元贷款平均利率 单位：% 大额美元存款 美元贷款 3（含3 6（含6 3（含3 6（含6 月份 3个月 1年以 3个月 1年以 活期 个月）~6 个月） 1年 个月）~6 个月） 1年 以内 上 以内 上 个月 ~12个月 个月 ~12个月 1月 1.25 3.99 4.62 5.34 5.46 4.96 4.91 5.12 5.10 5.53 5.99 4 2月 1.42 4.18 5.10 5.51 5.50 5.44 5.08 5.23 5.39 5.46 5.58 3月 1.64 4.23 5.02 5.53 5.67 5.54 5.25 5.33 5.11 5.34 5.86 4月 1.76 4.50 5.29 5.49 4.91 5.72 5.39 5.47 5.49 5.64 5.62 5月 1.78 4.63 4.65 5.68 5.63 5.64 5.55 5.46 5.52 5.39 5.98 6月 1.65 4.46 5.29 5.63 5.47 5.75 5.68 5.63 5.46 5.41 5.71 数据来源：中国人民银行。,0
26310,2014,1,S2,123,一是汇率波动加大，消化和吸收供求变化的能力增强。,0
52225,2024,3,S1,53,货币供应量统计口径并非一成不变，主要根据金融工具的流动性、与经济 的匹配度动态调整。,0
26246,2014,1,S1,59,外币存贷款利率在国际金融市场利率波动、境内外币资金供求变 化等因素的综合作用下，总体较年初有所上升。,0
655,2001,3,S5,329,当前国内经济增长势头放缓，通货膨胀压力不大，国际经济受“9.11“事件 的冲击继续下滑，在这种背景下，更应立足国内市场，进一步扩大国内需求。,1
32230,2016,3,S1,73,第三季度，人民币对一篮子货币小幅贬值，双向浮动特征明显， 汇率弹性增强，人民币汇率预期总体平稳。,0
5815,2005,1,S1,12,长期来看，在其他条件不变的情况下，货币供应量的变动总会导致一般价格 水平的变动，从这个意义上说，监测和控制货币供应量的变动十分重要。,0
52761,2024,3,S5,589,注重平衡好短期和长期、稳增长和防 风险、内部均衡和外部均衡的关系，坚定坚持支持性的货币政策立场， 加大货币政策调控强度，提高货币政策精准性，为经济稳定增长和高 质量发展创造良好的货币金融环境。,1
12142,2008,1,S2,117,农村信用社资金实力明 2 注：中国银行的资本充足率数据为2007年末数据；交通银行的不良贷款数据为减值贷款比率。,0
1759,2002,3,S4,287,加强对中小企业特别是对小型企业的信贷政策引 导，会同有关部门完善小型企业贷款担保体系，改进对小型企业的信贷服务，努 力增加对小型企业的贷款。,0
24235,2013,1,S5,570,进一步提高中央 银行市场利率引导和调控水平，强化价格型调控机制，促进经济金融 协调发展。,0
12790,2008,3,S3,219,8 月，中国证监会修改《上市公司收购管理办法》六十三条，在符合公 开公平公正原则的前提下，增加了上市公司控股股东增持公司股份的 灵活性，有利于规范上市公司控股股东增持股份的行为，也有利于市 场对被增持上市公司内在价值的全面评估，维护市场稳定。,0
53726,2024,4,S2,268,2024 年 9 月，在山西、江西、山东、 湖南、四川五省试点开展明示企业贷款综合融资成本工作，推动降低 融资费用，促进综合融资成本下行。,0
10938,2007,2,S2,132,二是 完善银行结售汇制度。,0
5496,2004,4,S3,210,企业在海外融资增加较多，企业发行 H 股筹资 78.3 亿美 元，占筹资总额的 43.1%；A 股筹资（包括发行、增发和配股）620 亿元，同比下降 3%；B 股筹资 3.28 亿美元，同比增长 6.6 倍；可转 23 债筹资 209 亿元，同比增长 15.8%。,1
5301,2004,4,S1,15,2004 年末，金融机构本外币贷款余额 18.9 万亿元，同比增长 14.4%，比上年末回落 7.1 个百分点；余额比年初增加 2.41 万亿元， 同比少增 5785 亿元。,1
32109,2016,1,S5,592,中国人民银行将认真贯彻落实党的十八大、十八届三中、四中、 五中全会、中央经济工作会议和政府工作报告精神，按照党中央、国 务院的战略部署，坚持改革开放，坚持稳中求进工作总基调和宏观政 策要稳、微观政策要活的总体思路，主动适应经济发展新常态，保持 政策的连续性和稳定性，继续实施稳健的货币政策，保持灵活适度， 适时预调微调，增强针对性和有效性，做好供给侧结构性改革中的总 需求管理，为结构性改革营造中性适度的货币金融环境，促进经济科 学发展、可持续发展。,0
44708,2021,1,S3,275,3 月末，保险业总资产 24.3 万亿元，同比 增长 11.7%，增速比上年末低 1.6 个百分点。,0
806,2001,2,S2,141,去 年第三季度韩国、马来西亚、印尼、菲律宾和泰国出口同比增长分别为26.5%、 21.6%、25.0%、5.1%和21.9%，但到今年第一季度，韩国、马来西亚和印尼出口 同比增长分别降至2.2%、2.0%和4.7%，菲律宾、泰国甚至降到－0.5%和－0.8%； （2）制造业增长大幅度下滑，去年第三季度印尼、韩国、马来西亚和菲律宾制 造业同比增长分别是 5.1%、17.7%、20.3%、6.1%和 3.6%，但到今年第一季度， 除印尼外，韩国、马来西亚和菲律宾三国制造业增长降至 4.3%、3.7%和 2.4%； （3）GDP增长大幅减缓，去年第二季度印尼、韩国、马来西亚、菲律宾和泰国 五国GDP平均增长率高达6.7%，但第三季度降为5.7%，第四季度又降至4.6%。,0
38171,2018,2,S1,76,上半年社 会融资规模增量累计为 9.1 万亿元，比上年同期少 2.03 万亿元，主 要呈现以下特点：一是对实体经济发放的人民币贷款同比多增。,0
20680,2011,2,S5,590,加强对社会融资总量的监测与调节，保持合理的社会融资规模。,0
33469,2016,4,S1,46,2016 年社会融资规模增 量为 17.8 万亿元，比上年多 2.4 万亿元。,0
38388,2018,2,S3,293,银行间债券市场现券交易活跃。,0
45596,2021,2,S1,35,存款平稳增长。,0
8288,2006,1,S5,501,积极推进金融资产管理公司改 革，深化邮政储蓄体制改革。,0
3294,2003,2,S3,126,目前债券市场上尚未建立独立、公正、权威的评级体系，缺少对 债券发行人的持续信息披露规范。,0
11340,2007,2,S5,534,III 专栏： 图： 表： 表 6：2007 年上半年金融机构回购、同业拆借资金净融出、净融入情况表 ...........................................................17 IV 当前，国际经济形势总体向好，国内经济增长动力强劲，预计 2007 年下半年国民经济将继续较快发展。,0
5059,2004,2,S3,235,根据人民银行深圳中支的统计，截止 6 月底，香港银行共汇入内地 7756万元，内地银行汇入香港350万元，净汇入内地7406万元。,0
3238,2003,2,S2,70,2003年上半年，在保持人民币存贷款利率稳定的同时，根据我国利率市场 化改革的总体目标和步骤，人民银行认真细致地研究了进一步扩大人民币贷款利 率浮动幅度的方案，稳步推进利率市场化改革。,0
21592,2012,1,S3,290,4 月 28 日，中国证监会发布《关 于进一步深化新股发行体制改革的指导意见》，明确将通过强化信息 披露真实性、准确性、充分性和完整性，适当调整询价范围和配售比 例，增加新上市公司流通股数量，加强对发行定价和炒新行为的监管 等措施，进一步推进以信息披露为中心的发行制度建设，促使新股价 格真实反映公司价值，推动实现一级市场和二级市场均衡协调健康发 31 展，保护投资者的合法权益。,0
31537,2016,1,S1,20,非 存款类金融机构存款余额为 12.0 万亿元，比年初减少 9536 亿元，同 比增长 14.9%，其中证券及交易结算类存款和特殊目的载体（主要是 表外理财、证券投资基金等）存款较年初分别减少 3209 亿元和 7066 亿元。,0
8910,2006,2,S3,182,其他商业银行2净融入金额比上年同 期有所下降，同比减少3273亿元。,1
42867,2020,3,S3,286,银行间回购和拆借交易活跃。,0
13066,2008,3,S5,495,房地产等领域面临回调压力，可能影响诸多行业。,0
17157,2010,3,S2,100,在科学分析预测 流动性供求形势的基础上，中国人民银行根据货币调控需要不断优化 对冲工具组合，以央票发行为主、短期正回购操作为辅，不断优化操 作期限结构，进一步提高流动性管理的前瞻性和有效性。,0
10179,2007,1,S5,495,中国人民银行银行家问 卷调查显示，2007 年第一季度贷款需求指数高企，仅次于 2004 年第 一季度的历史最高水平，一定程度上反映出实体经济存在比较旺盛的 投资需求。,0
8048,2006,1,S4,261,而作为失衡的另一方，日本、中国 等亚洲国家、主要石油出口国及部分欧洲国家的贸易顺差则达到 1000 亿美元的 规模。,0
42272,2020,1,S3,289,③中资小型银行包 括恒丰银行、浙商银行、渤海银行、其他城市商业银行、农村商业银行和合作银 25 行、民营银行、村镇银行。,0
18308,2010,4,S1,19,年末财政存款余额为 2.5 万亿元，同比增长 13.6%，比年初增加 3045 亿元，同比少增 1322 亿元。,0
10245,2007,3,S1,33,如果 2006 年以来由法定存款准备金率上调所冻结的流动性改由发行央行票据 进行对冲，那么当前基础货币增速将低于 10%。,0
18280,2010,2,S5,602,继续推动外汇市场发展，丰富汇率风险管理工具。,0
17671,2010,3,S5,614,继续深化 外汇管理体制改革，促进资本平衡流动，规范和完善跨境资本流动管 理，加强对违规和异常资金的监测和管理。,0
27760,2014,2,S3,266,上半年，沪、深股市累计成交21.7 万亿元，同比增长2.4%，日均成交1820亿元。,0
35392,2017,3,S5,674,积极规范发展多 层次资本市场体系，完善市场运行规则，健全市场化、法治化违约处 置机制。,0
7254,2005,4,S1,61,由于是以非贷款的形式向居民和企业部门 提供资金，因此存差扩大，贷存比下降。,0
3935,2004,1,S1,39,2003 年 8 月，邮政储蓄资金管理体制开始改革，邮政储蓄部门自主投资、 委托理财的渠道开通，其负债方吸收的全部储蓄存款与资产方存放在中央银行的 转存款之间的差距越来越大。,0
4584,2004,3,S3,216,国债和政策金融债发行利率继续上升。,0
10857,2007,2,S1,51,但也必须高度重视商业银行资产负债期限错配可能带来的 风险，尤其是在全球通胀压力上升的情况下，如果市场利率水平发生变化或出现 逆转，金融机构可能会面临一定的流动性风险和利率风险。,1
52487,2024,3,S3,315,数据来源：中国外汇交易中心。,0
7774,2005,4,S5,581,（四）大力培育和发展金融市场，推动金融产品创新 大力推动金融市场制度性建设，扩大直接融资渠道，改善金融 资产结构，丰富市场层次与产品种类，培育和发展机构投资者，推进 金融市场的整体协调发展。,0
325,2001,1,S5,325,（六）促进货币市场和资本市场协调发展，防止信贷资金违规进股市 当前，在大力发展货币市场的同时，要保障货币市场与资本市场资金的有序 流动。,0
1400,2002,1,S4,169,近 10年来，小城镇吸纳农村剩余劳动力6000多万人，占同期转移出的农村富余劳 动力的50%。,0
23096,2012,4,S1,71,单一制国家的地方税体系尽管相对 较弱，但总的趋势也是扩大地方税收权限，特别是财产税、土地税、城市开发税、 地方公共设施税等。,0
1847,2002,2,S2,78,2000 2002年，5月 150 份社会消费品零售总额增长较4月 125 140 份增长分别高2.5、1.4和1.1个百 115 130 分点。,0
10336,2007,3,S2,124,四是丰富外汇市场交易品种。,0
47100,2022,1,S3,296,3月末，隔夜和1周Shibor 分别为2.01%和2.20%，较上年末分别下降12个和7个基点。,0
3630,2003,4,S3,109,受多种因素影响，拆借利率从 9月份开始 快速上升，10月份升至 2.86%。,0
16620,2010,1,S2,140,香港和新 加坡是境外接受人民币结算的主要地区，在发生人民币实际收付的业 12 务中，两地合计占比 88%。,0
13739,2008,4,S1,55,2008年年末，人民币对美元汇率中间价为6.8346元， 比2007年年末升值4700个基点，升值幅度为6.88%；人民币对欧元汇 率中间价为1欧元兑9.6590元人民币，比上年末升值10.43%；人民币 6 对日元汇率中间价为100日元兑7.5650元人民币，比上年末贬值 15.32%。,0
24991,2013,2,S2,108,下阶段，中国人民银行将继续相机开 展此类操作，与其它政策工具相配合，有效实施稳健货币政策，为金 融市场平稳运行和经济发展创造良好的货币条件。,0
17920,2010,2,S3,242,6 月末，商业汇票未到期金额 4.7 万亿元，同比下降 6.3%；贴 现余额 1.7 万亿元，同比下降 52.3%；再贴现余额 473.1 亿元，同比 增加 464.2 亿元。,1
7790,2006,1,S1,3,狭义货币供应量 M1 余额 10.7 万亿元，同比增长 12.7%，增速比上年同期高 2.8 个百分点。,0
12624,2008,3,S1,53,汇改以来至 2008 年 9 月末，人民币对 美元汇率累计升值 21.39%，对欧元汇率累计升值 0.14%，对日元汇率 累计升值 13.63%。,0
17043,2010,1,S5,563,继 续落实“有保有控”的信贷政策，调整优化信贷结构。,0
7360,2005,4,S2,167,从增幅看，出口 同比、环比增长5%以上的企业占比分别高达21%和12.2%，依次比进口高 3.7和 3.5 个百分点。,0
24367,2013,3,S2,107,中国人民银行认真贯彻中央经济工作会议和国务院关于金融支 持实体经济发展的指导意见、全国小微企业金融服务经验交流会议的 有关精神，继续发挥货币政策工具、宏观审慎政策工具以及信贷政策 的结构引导作用，加强与产业政策的协调配合，支持经济结构调整和 10 转型升级，增强金融服务实体经济的水平。,0
52165,2024,1,S5,603,五是积极稳妥防范化解金融风险。,0
12527,2008,1,S5,502,全国城镇储户问卷调查显示，2008 年第一季度认为收 入增加的居民占比虽较上年同期下降，但仍处于调查以来的次高位， 46 居民收入增长依然较快。,0
22682,2012,2,S3,212,数据来源：中国人民银行、中央国债登记结算有限责任公司。,0
40716,2019,3,S5,579,六是打好防范化解重大金融风险攻坚战。,0
48175,2022,2,S2,237,坚持市场化、法治化处置风险， 金融风险总体收敛。,0
14804,2009,1,S5,488,当前全球经济处于衰退之中、经济在潜在产 出水平之下运行的格局未变，产能过剩及需求不足构成下一阶段价格 下行的主要压力。,1
4098,2004,1,S3,202,目前，标准 保费的概念已被多家寿险公司所采用，成为考核公司业务发展的重要指标。,0
1886,2002,2,S3,117,（一）银行间市场交易活跃，市场利率进一步走低 上半年，银行间市场人民币同业拆借和债券交易累计成交50977亿元，同比 增加30192亿元，增长1.5倍（二季度累计成交32040亿元，比上季增加13103亿元）， 上半年的交易量已远远高于去年全年水平，比去年全年多成交1922亿元。,0
8742,2006,2,S1,14,6 月末，全部金融机构本外币贷款余额 22.8 万亿元，同比增长 14.3％，比年初增加 2.2 万亿元，同比多增 6068.1 亿元。,0
22441,2012,3,S5,562,一是综合运用多种货币政策工具组合，健全宏观审慎政策框架， 保持合理的市场流动性，引导货币信贷及社会融资规模平稳合理增 长。,0
20073,2011,3,S5,578,加强对社会融资总量的监测与调节，保 持社会融资规模适度增长。,0
8724,2006,3,S5,430,"存款准备金工具的运用 可以增强对冲的主动性和对冲“深度”,同时，在流动性较多的前提下， 小幅提高存款准备金率并不是一剂猛药，而是属于适量微调。",0
41824,2019,4,S4,447,（三）居民消费价格涨幅上升，生产价格同比下降 居民消费价格涨幅上升，结构性特征明显。,1
17724,2010,2,S1,46,2009 年末，我国商业银行整体 加权平均资本充足率为11.4%，239家商业银行资本充足率全部达标。,0
41134,2019,2,S4,416,7 月 25 日会议将前 瞻性指引表述修改为“预计保持政策利率在当前水平或更低水平至少 至 2020 年上半年”。,0
32390,2016,3,S3,233,各类债券发行利率略有下降。,0
18735,2010,4,S4,446,前三季度，全国城镇单位在岗职工月度 平均工资同比增长 14%左右，增速比上半年有所加快。,0
40653,2019,3,S4,516,一是生猪 45 价格、饲料成本价格波动较大，亟需有效的风险管理工具。,1
40596,2019,3,S4,459,PPI 低位运行，通常反映工业需求偏弱，但近几个月 PPI同比降幅扩大主要 是受基数效应影响，并不意味着存在显著的工业品通缩压力。,1
21646,2012,1,S4,344,"据日本国 土交通省统计，2012 年 3 月日本新屋开工数量同比上升 5.0%；50 家 大型建筑公司接到的营建订单 3 月份同比下降 0.3%,2 月份同比下降 1.8%，但 1 月份同比增长 24.6%。",1
40475,2019,3,S3,338,8 月 23 日，中国银保监会 出台《商业银行代理保险业务管理办法》，从业务准入、经营规划、 31 业务退出、监督管理等方面，对商业银行销售保险产品进行了相应规 范，从监管层面建立起商业银行代理保险业务全流程统一的监管制度。,0
43896,2020,4,S2,118,中期借贷便利采取招标 方式，2020 年 2 月 17 日中标利率下降 10 个基点至 3.15%，2020 年 4 月 15 日中标利率进一步下降 20 个基点至 2.95%。,0
29333,2015,1,S4,544,1 月 21 日，国家发展改革委等部门发出通 知，要求按照“污染付费、公平负担、补偿成本、合理盈利”原则， 综合考虑本地区水污染防治形势和经济社会承受能力等因素合理制 定和调整污水处理收费标准。,0
17404,2010,3,S4,347,欧洲房地产市场仍较低迷。,1
51869,2024,1,S3,307,3月，财政部发行的10年期国债收益率为 2.31%，较上年12月下降28个基点；主体评级 AAA 的企业发行的一 年期短期融资券平均利率为2.35%，较上年12月下降74个基点。,0
32398,2016,3,S3,241,从企业 结构看，由中小型企业签发的银行承兑汇票约占三分之二。,0
28427,2014,4,S3,312,从行业结构看，企业签发的银行承兑汇票余额仍集中在制造业、批发 和零售业；从企业结构看，由中小型企业签发的银行承兑汇票约占三 分之二。,0
47185,2022,1,S4,381,4 月国际货 币基金组织（IMF）和世界银行均下调今年全球经济增速预测，普遍 表达了对经济增长放缓的担忧。,1
13120,2008,2,S1,12,6 月末，金融机构居民户人民币存款余 额为 19.8 万亿元，同比增长 14.6%，增速比上年同期高 5.1 个百分 点，比年初增加 2.2 万亿元，同比多增 1.4 万亿元，其中定期存款同 比多增 1.5 万亿元；非金融性公司人民币存款余额为 20.5 万亿元， 同比增长 20.1%，增速比上年同期高 0.4 个百分点，比年初增加 1.6 万亿元，同比少增 270 亿元，其中企业定期存款同比多增 7580 亿元， 企业总体上仍保持较强的支付能力。,0
39131,2018,4,S3,389,八是明确由证监会依法对银行间债券市场、交易所债 券市场违法行为开展统一的执法工作，强化监管执法，加强协同配合。,0
35675,2017,2,S3,249,交易所债券现券成交2.6万亿元，同比增长19.7%。,0
40545,2019,3,S4,408,贸易结构进一步优化，一般贸易比重提 升，占进出口总额的比重为 59.5%，比上年同期提高 1.1 个百分点。,0
16077,2009,4,S3,242,Shibor对债券定价的指导作用有所增强。,0
