period,year,quarter,gdp_yoy,cpi_yoy,m2_yoy,ip_yoy,export_yoy,short_rate_level,short_rate_chg_q
2001Q1,2001,1,9.5,0.6666666666666666,14.83,11.133333333333333,16.03333333333333,2.506009836065574,
2001Q2,2001,2,8.6,1.5666666666666667,14.3,10.6,7.933333333333334,2.3920274193548385,-0.11398241671073528
2001Q3,2001,3,8.0,0.7999999999999999,13.6,8.566666666666666,5.1000000000000005,2.2908,-0.10122741935483859
2001Q4,2001,4,7.5,-0.13333333333333333,14.4,8.466666666666667,3.4666666666666663,2.1548587301587303,-0.13594126984126964
2002Q1,2002,1,9.0,-0.6,14.4,10.733333333333334,8.566666666666666,2.064975,-0.0898837301587303
2002Q2,2002,2,8.9,-1.0666666666666667,14.7,12.466666666666667,16.533333333333335,1.9508483870967743,-0.11412661290322568
2002Q3,2002,3,9.7,-0.7666666666666666,16.5,13.1,29.03333333333333,2.0171838235294115,0.06633543643263717
2002Q4,2002,4,9.2,-0.6333333333333333,16.78,14.533333333333333,31.76,2.2566721311475413,0.23948830761812978
2003Q1,2003,1,11.2,0.5,18.54,17.166666666666668,42.26666666666667,2.1977796875,-0.05889244364754109
2003Q2,2003,2,9.2,0.6666666666666666,20.83,15.166666666666666,36.300000000000004,2.0377129032258066,-0.16006678427419363
2003Q3,2003,3,10.1,0.8333333333333334,20.67,16.633333333333336,31.833333333333332,2.42044,0.3827270967741936
2003Q4,2003,4,10.1,2.6666666666666665,19.6,17.733333333333334,39.5,2.6487786885245903,0.22833868852459016
2004Q1,2004,1,10.6,2.766666666666667,19.1,16.599999999999998,39.4,2.2040016393442623,-0.444777049180328
2004Q2,2004,2,11.6,4.3999999999999995,16.2,17.599999999999998,40.03333333333333,2.21834126984127,0.014339630497007594
2004Q3,2004,3,9.8,5.266666666666667,13.94,15.833333333333334,32.733333333333334,2.2612196969696967,0.04287842712842682
2004Q4,2004,4,8.8,3.1666666666666665,14.6,14.966666666666667,33.36666666666667,2.0398111111111112,-0.22140858585858547
2005Q1,2005,1,11.2,2.8333333333333335,14.0,14.533333333333331,23.133333333333336,1.8675333333333335,-0.17227777777777775
2005Q2,2005,2,11.1,1.7333333333333334,15.67,16.46666666666667,23.233333333333334,1.1932887096774194,-0.6742446236559141
2005Q3,2005,3,10.9,1.3333333333333333,17.92,16.2,24.666666666666668,1.2045045454545453,0.011215835777125926
2005Q4,2005,4,12.4,1.3666666666666665,17.57,16.400000000000002,22.166666666666668,1.2887111111111111,0.08420656565656581
2006Q1,2006,1,12.4,1.2,18.8,16.833333333333332,25.8,1.5173333333333334,0.22862222222222228
2006Q2,2006,2,13.6,1.3666666666666665,18.43,18.0,21.566666666666666,1.7668774193548389,0.24954408602150546
2006Q3,2006,3,12.2,1.2666666666666666,16.83,16.166666666666668,25.633333333333336,2.296362121212121,0.5294847018572821
2006Q4,2006,4,12.5,2.033333333333333,16.94,14.766666666666666,22.866666666666664,2.571650793650794,0.27528867243867294
2007Q1,2007,1,13.6,2.733333333333333,17.3,18.303333333333335,24.66,2.0094118644067795,-0.5622389292440144
2007Q2,2007,2,14.9,3.6,17.06,18.3,23.363333333333333,2.7284983870967743,0.7190865226899947
2007Q3,2007,3,14.2,6.1000000000000005,18.45,18.133333333333333,23.926666666666666,3.05074776119403,0.3222493740972556
2007Q4,2007,4,13.9,6.633333333333333,16.72,17.53333333333333,23.51,3.1464453125,0.09569755130597013
2008Q1,2008,1,11.6,8.033333333333333,16.29,16.2,24.496666666666666,2.846303278688525,-0.3001420338114751
2008Q2,2008,2,11.0,7.766666666666667,17.37,15.9,27.05,3.264884375,0.4185810963114749
2008Q3,2008,3,9.5,5.266666666666667,15.29,12.966666666666667,24.459999999999997,3.168481818181818,-0.09640255681818166
2008Q4,2008,4,7.1,2.533333333333333,17.82,6.433333333333334,-0.9400000000000001,2.3866539682539685,-0.7818278499278497
2009Q1,2009,1,6.4,-0.6,25.51,5.456666666666667,-24.98,0.9481466666666667,-1.4385073015873018
2009Q2,2009,2,8.2,-1.5333333333333332,28.46,8.966666666666667,-22.03,0.9658129032258065,0.017666236559139792
2009Q3,2009,3,10.6,-1.2666666666666666,29.31,12.333333333333334,-16.59,1.522955223880597,0.5571423206547905
2009Q4,2009,4,11.9,0.6666666666666666,27.68,17.933333333333334,10.626666666666665,1.4735967213114753,-0.049358502569121665
2010Q1,2010,1,12.2,2.1999999999999997,22.5,20.033333333333335,44.25,1.6394216666666668,0.16582494535519143
2010Q2,2010,2,10.7,2.9333333333333336,18.46,16.0,42.29666666666667,2.0639285714285713,0.42450690476190456
2010Q3,2010,3,9.9,3.466666666666667,18.96,13.533333333333333,30.123333333333335,2.090627272727273,0.026698701298701444
2010Q4,2010,4,9.9,4.7,19.72,13.299999999999999,27.37,2.7429516129032256,0.6523243401759529
2011Q1,2011,1,10.1,5.075666666666667,16.6,14.333333333333334,28.836666666666662,3.6220483333333333,0.8790967204301077
2011Q2,2011,2,9.9,5.7379999999999995,15.9,13.933333333333332,22.63,4.139219047619048,0.5171707142857147
2011Q3,2011,3,9.3,6.223,13.0,13.766666666666666,22.613333333333333,4.431801538461539,0.29258249084249055
2011Q4,2011,4,8.7,4.596666666666667,13.6,12.799999999999999,17.183333333333334,3.854653968253968,-0.5771475702075706
2012Q1,2012,1,8.1,3.766666666666667,13.4,12.0,9.643333333333333,3.9924290322580642,0.13777506400409623
2012Q2,2012,2,7.7,2.8666666666666667,13.6,9.466666666666667,8.506666666666666,3.2700870967741933,-0.7223419354838709
2012Q3,2012,3,7.5,1.9000000000000001,14.8,9.1,3.013333333333333,3.477733333333333,0.20764623655913983
2012Q4,2012,4,8.1,2.066666666666667,13.8,10.0,6.353333333333334,3.2275557377049178,-0.25017759562841535
2013Q1,2013,1,7.9,2.439966666666667,15.7,9.6,13.39,3.196565,-0.03099073770491767
2013Q2,2013,2,7.6,2.3842,14.0,9.133333333333333,4.5633333333333335,4.4815129032258065,1.2849479032258064
2013Q3,2013,3,7.9,2.7642,14.2,10.1,6.046666666666667,3.973227272727273,-0.5082856304985337
2013Q4,2013,4,7.7,2.9075,13.6,10.0,7.239999999999999,4.660266129032259,0.6870388563049858
2014Q1,2014,1,7.6,2.274,12.1,8.700000000000001,-1.2500000000000002,4.0227216666666665,-0.6375444623655921
2014Q2,2014,2,7.7,2.2049333333333334,14.7,8.9,3.366666666666667,3.336609677419355,-0.6861119892473115
2014Q3,2014,3,7.3,1.9678666666666667,12.9,7.966666666666666,7.333333333333333,3.49705303030303,0.16044335288367506
2014Q4,2014,4,7.4,1.5153333333333334,12.2,7.6000000000000005,3.9133333333333336,3.4742258064516127,-0.022827223851417333
2015Q1,2015,1,7.1,1.1902333333333333,11.6,6.266666666666666,-4.696666666666666,4.30864,0.8344141935483869
2015Q2,2015,2,7.1,1.3769333333333333,11.8,6.266666666666667,-7.68,2.44975873015873,-1.8588812698412696
2015Q3,2015,3,7.0,1.7327666666666666,13.1,5.933333333333334,-9.92,2.4883384615384614,0.03857973137973136
2015Q4,2015,4,6.9,1.4509999999999998,13.3,5.8999999999999995,-8.200000000000001,2.323206349206349,-0.16513211233211234
2016Q1,2016,1,6.8,2.133797,13.4,5.857553666666667,-13.273333333333333,2.3235901639344263,0.0003838147280772475
2016Q2,2016,2,6.7,2.0821223333333334,11.8,6.066666666666666,-6.663333333333334,2.333741935483871,0.010151771549444799
2016Q3,2016,3,6.7,1.6750373333333333,11.5,6.133333333333333,-5.816666666666667,2.358673846153846,0.02493191066997502
2016Q4,2016,4,6.8,2.141583333333333,11.3,6.1000000000000005,-2.0366666666666666,2.4540015873015872,0.09532774114774112
2017Q1,2017,1,7.0,1.4163516666666667,10.1,6.953277,14.603333333333333,2.6417508196721315,0.1877492323705443
2017Q2,2017,2,7.0,1.4000000000000001,9.1,6.866666666666667,10.716666666666667,2.848243548387097,0.2064927287149656
2017Q3,2017,3,6.9,1.5999999999999999,9.0,6.333333333333333,10.003333333333332,2.8621939393939395,0.013950391006842366
2017Q4,2017,4,6.8,1.8,8.1,6.166666666666667,11.106666666666667,2.8638306451612903,0.0016367057673507546
2018Q1,2018,1,6.9,2.1666666666666665,8.2,6.438206,17.19333333333333,2.85482131147541,-0.009009333685880083
2018Q2,2018,2,6.9,1.8333333333333333,8.0,6.6000000000000005,15.583333333333334,2.8226984126984123,-0.03212289877699792
2018Q3,2018,3,6.7,2.3000000000000003,8.3,5.966666666666666,15.616666666666667,2.638287878787879,-0.1844105339105333
2018Q4,2018,4,6.5,2.1999999999999997,8.1,5.666666666666667,4.833333333333334,2.65240625,0.014118371212120895
2019Q1,2019,1,6.4,1.8333333333333333,8.6,6.21949,-1.8699999999999999,2.5767499999999997,-0.0756562500000002
2019Q2,2019,2,6.1,2.6333333333333333,8.5,5.566666666666666,-2.1466666666666665,2.589508064516129,0.012758064516129153
2019Q3,2019,3,6.0,2.8666666666666667,8.4,5.0,-3.013333333333333,2.610260606060606,0.020752541544477143
2019Q4,2019,4,5.9,4.266666666666667,8.7,5.933333333333334,2.74,2.5868145161290323,-0.0234460899315736
2020Q1,2020,1,-6.8,4.966666666666667,10.1,-10.426857,-9.496666666666666,2.2654098360655737,-0.3214046800634587
2020Q2,2020,2,3.2,2.733333333333333,11.1,4.366666666666667,-4.336666666666667,1.8325967741935483,-0.4328130618720254
2020Q3,2020,3,4.9,2.2666666666666666,10.9,5.766666666666667,6.293333333333334,2.176373134328358,0.34377636013480983
2020Q4,2020,4,6.5,0.06666666666666667,10.1,7.066666666666666,11.623333333333335,2.183360655737705,0.006987521409346886
2021Q1,2021,1,18.9,-0.033333333333333326,9.4,30.612584000000002,42.84666666666667,2.22925,0.04588934426229496
2021Q2,2021,2,8.1,1.0999999999999999,8.6,8.966666666666667,36.346666666666664,2.175016129032258,-0.054233870967741904
2021Q3,2021,3,5.5,0.8333333333333334,8.3,4.933333333333334,24.563333333333333,2.1806515151515153,0.005635386119257291
2021Q4,2021,4,4.5,1.7666666666666666,9.0,3.8666666666666667,23.19666666666667,2.17091935483871,-0.009732160312805327
2022Q1,2022,1,4.8,1.0999999999999999,9.7,7.217953999999999,12.31,2.1142166666666666,-0.05670268817204338
2022Q2,2022,2,0.8,2.2333333333333334,11.4,0.5666666666666668,6.4799999999999995,1.800532258064516,-0.31368440860215063
2022Q3,2022,3,4.0,2.6666666666666665,12.1,4.766666666666667,4.986666666666667,1.587536923076923,-0.21299533498759304
2022Q4,2022,4,3.0,1.8333333333333333,11.8,2.8333333333333335,-7.596666666666668,1.7807619047619048,0.1932249816849818
2023Q1,2023,1,4.7,1.2666666666666666,12.7,4.293884666666667,-3.5005023333333334,2.019065573770492,0.23830366900858713
2023Q2,2023,2,6.5,0.10000000000000002,11.3,4.5,-5.621702666666667,1.933725806451613,-0.08533976731887893
2023Q3,2023,3,5.0,-0.06666666666666667,10.3,4.233333333333333,-9.315674,1.858828125,-0.07489768145161291
2023Q4,2023,4,5.3,-0.3333333333333333,9.7,6.0,-0.36131866666666673,1.8877333333333333,0.02890520833333321
2024Q1,2024,1,5.3,-2.7755575615628914e-17,8.3,6.033333333333334,1.6033333333333333,1.8541770491803278,-0.03355628415300549
2024Q2,2024,2,4.7,0.26666666666666666,6.2,5.866666666666667,4.296666666666667,1.8630645161290322,0.008887466948704459
2024Q3,2024,3,4.6,0.5,6.8,5.0,4.36,1.791242424242424,-0.07182209188660815
2024Q4,2024,4,5.4,0.19999999999999998,7.3,5.633333333333333,4.803333333333334,1.650741935483871,-0.14050048875855303
