year,quarter,Pos,Neg,Neg_net
2001,1,0.044076880273150924,0.029475190834275206,-0.014601689438875722
2001,2,0.036061048365123,0.022597805725277635,-0.013463242639845361
2001,3,0.034906681862602665,0.033778647865639985,-0.001128033996962677
2001,4,0.04386296018250885,0.025018439344807165,-0.018844520837701682
2002,1,0.05099986411592996,0.025035399106029966,-0.025964465009899997
2002,2,0.03757182175193646,0.03333228342200753,-0.004239538329928937
2002,3,0.041717415324196455,0.018513627610652,-0.023203787713544453
2002,4,0.04272796246539304,0.024787739852431708,-0.017940222612961333
2003,1,0.04304842648869245,0.019945460248034425,-0.023102966240658027
2003,2,0.048436463965574154,0.03404880952141283,-0.01438765444416132
2003,3,0.04762140609895779,0.02348475852444887,-0.024136647574508917
2003,4,0.053703830117302884,0.020317617054791647,-0.03338621306251124
2004,1,0.04347600999243421,0.026803017157472922,-0.016672992834961278
2004,2,0.04187948829661914,0.020050633507862476,-0.021828854788756662
2004,3,0.058093028113331335,0.02105294425801385,-0.037040083855317485
2004,4,0.05685103921751808,0.023131270583351047,-0.033719768634167036
2005,1,0.05560370004056765,0.02467847363921534,-0.030925226401352316
2005,2,0.051099809008292044,0.022551980855184575,-0.028547828153107472
2005,3,0.05222665710706544,0.022512448877601704,-0.02971420822946373
2005,4,0.05022921025284886,0.02361869467652122,-0.026610515576327643
2006,1,0.04441407537538021,0.01878464579151788,-0.02562942958386233
2006,2,0.054331306704465246,0.020563163614695196,-0.03376814308977005
2006,3,0.051034816171644626,0.01491217795079417,-0.036122638220850455
2006,4,0.05869996352340235,0.01613605609337041,-0.04256390743003194
2007,1,0.05820673714973665,0.017030544728484975,-0.041176192421251666
2007,2,0.056678392094655264,0.023214657782062005,-0.03346373431259325
2007,3,0.060010833921040126,0.02338692970971809,-0.03662390421132203
2007,4,0.06372421883375853,0.021457650501772896,-0.04226656833198563
2008,1,0.05308293570701009,0.030298418810045857,-0.02278451689696423
2008,2,0.05706853983246282,0.03767145086179483,-0.01939708897066799
2008,3,0.054074915802774536,0.04412620923376661,-0.009948706569007919
2008,4,0.050434047272266413,0.03804604890533757,-0.012387998366928846
2009,1,0.048067930339325646,0.035794718485483205,-0.012273211853842447
2009,2,0.05639935088054222,0.03626764617769047,-0.02013170470285176
2009,3,0.06586977269053601,0.02570342464368175,-0.040166348046854254
2009,4,0.05885105724091976,0.028689633570749502,-0.030161423670170256
2010,1,0.05223429528904054,0.03047754653544769,-0.021756748753592854
2010,2,0.05906855607357651,0.02905658376983258,-0.030011972303743924
2010,3,0.05610988034950238,0.023910483196132752,-0.03219939715336963
2010,4,0.05818367364358176,0.02434539281580861,-0.033838280827773154
2011,1,0.04732390746468269,0.029582465855119647,-0.01774144160956304
2011,2,0.048088095689276605,0.0301440876379935,-0.017944008051283107
2011,3,0.04770010273591381,0.03549963469695774,-0.012200468038956079
2011,4,0.0467797939840134,0.03622628341543996,-0.010553510568573444
2012,1,0.04969636333722285,0.02737935689251948,-0.022317006444703365
2012,2,0.04965014443479661,0.032607312165555805,-0.017042832269240804
2012,3,0.052729092102514835,0.027213944278390464,-0.025515147824124375
2012,4,0.05533411668485021,0.028520461082505784,-0.026813655602344423
2013,1,0.05330284329101444,0.02600323008253077,-0.02729961320848367
2013,2,0.051220184848220086,0.030865145471377836,-0.02035503937684225
2013,3,0.05910467282065269,0.02563538146817211,-0.03346929135248057
2013,4,0.062904495997698,0.022576202537958275,-0.04032829345973973
2014,1,0.05139236916401809,0.028812710241479415,-0.02257965892253867
2014,2,0.05880352633803243,0.02392933926956753,-0.034874187068464894
2014,3,0.05663674368506846,0.029581570109251866,-0.02705517357581659
2014,4,0.05189610301538136,0.02795456097977785,-0.023941542035603516
2015,1,0.050848811588706286,0.02433890055387298,-0.026509911034833314
2015,2,0.051378363154271446,0.022497032229085088,-0.028881330925186362
2015,3,0.054922270308209196,0.026069154350155933,-0.028853115958053257
2015,4,0.050313831302681196,0.028998438209768503,-0.02131539309291269
2016,1,0.057497349560274434,0.028228496619199177,-0.029268852941075257
2016,2,0.05229317523411655,0.02867794672361883,-0.023615228510497722
2016,3,0.05644486809569158,0.025692466813029086,-0.03075240128266249
2016,4,0.054617401042678836,0.02185515696182002,-0.03276224408085881
2017,1,0.057478944673616104,0.023792375549531154,-0.03368656912408494
2017,2,0.05515050934896203,0.0293445243957675,-0.025805984953194534
2017,3,0.06201066751320304,0.021999476778517133,-0.040011190734685904
2017,4,0.062116651585706804,0.022295375417016244,-0.03982127616869055
2018,1,0.0578378045824472,0.02541001284260153,-0.03242779173984566
2018,2,0.05617597073365444,0.025133355425099927,-0.031042615308554518
2018,3,0.0558661679434349,0.025067385957310544,-0.030798781986124353
2018,4,0.051253911622854934,0.0261569355643291,-0.025096976058525837
2019,1,0.057568631388283574,0.022045038714869174,-0.03552359267341439
2019,2,0.05508655493713722,0.027020042102862695,-0.02806651283427452
2019,3,0.05615954633574136,0.025789536460548153,-0.03037000987519321
2019,4,0.05907157591560969,0.025889270403418294,-0.0331823055121914
2020,1,0.05458647438188757,0.03462494884117554,-0.01996152554071204
2020,2,0.05314082033543671,0.03140382505894837,-0.02173699527648834
2020,3,0.06144731754828007,0.02747443832060284,-0.03397287922767723
2020,4,0.058555593818638375,0.029876596713208626,-0.02867899710542975
2021,1,0.05632251510028282,0.02044632028880059,-0.03587619481148223
2021,2,0.061687130783184205,0.02350066543099392,-0.03818646535219028
2021,3,0.055063095006593114,0.024862917755089003,-0.030200177251504114
2021,4,0.05084374594504962,0.028616552641202338,-0.02222719330384728
2022,1,0.05089604675791028,0.025120581355191414,-0.025775465402718863
2022,2,0.05283333692478906,0.02722672878007949,-0.025606608144709567
2022,3,0.05118763329170549,0.023562440269717648,-0.02762519302198784
2022,4,0.052174783919232685,0.029204531222054075,-0.022970252697178613
2023,1,0.04829496390748857,0.030284189361453752,-0.01801077454603481
2023,2,0.05918572051850128,0.023182582112225424,-0.03600313840627586
2023,3,0.05130013002942152,0.02033852796163491,-0.03096160206778661
2023,4,0.0573380312658633,0.022683975260378957,-0.034654056005484345
2024,1,0.0604872403769439,0.01900164517919839,-0.04148559519774551
2024,2,0.05575399430050018,0.025336150868522735,-0.03041784343197744
2024,3,0.0596046438305474,0.017159013296943845,-0.042445630533603555
2024,4,0.0613475390800239,0.016681252353618906,-0.04466628672640499
