指标名称,中国:CPI:当月同比,中国:GDP:不变价:当季同比,中国:GDP:不变价:同比,中国:M2:同比,中国:工业增加值:规模以上工业企业:当月同比(1-2月拆分),中国:进出口金额:当月同比
单位,%,%,%,%,%,%
1986-12-31,,,,29.3,,
1987-01-31,5.1,,,29.3,,
1987-02-28,5.4,,,29.3,,
1987-03-31,5.8,,,29.3,,
1987-04-30,6.7,,,29.3,,
1987-05-31,7.6,,,29.3,,
1987-06-30,7.8,,,29.3,,
1987-07-31,7.8,,,29.3,,
1987-08-31,8.2,,,29.3,,
1987-09-30,7.7,,,29.3,,
1987-10-31,7.5,,,29.3,,
1987-11-30,8.3,,,29.3,,
1987-12-31,8.9,,,24,,
1988-01-31,9.4,,,24,,
1988-02-29,10.4,,,24,,
1988-03-31,11.3,,,24,,
1988-04-30,12.2,,,24,,
1988-05-31,14.2,,,24,,
1988-06-30,16.3,,,24,,
1988-07-31,19.2,,,24,,
1988-08-31,23.6,,,24,,
1988-09-30,26.4,,,24,,
1988-10-31,27.1,,,24,,
1988-11-30,26.8,,,24,,
1988-12-31,27.9,,,21.2,,
1989-01-31,27.4,,,21.2,,
1989-02-28,28.4,,,21.2,,
1989-03-31,27.1,,,21.2,,
1989-04-30,26.6,,,21.2,,
1989-05-31,24.8,,,21.2,,
1989-06-30,22.8,,,21.2,,
1989-07-31,19.4,,,21.2,,
1989-08-31,15.3,,,21.2,,
1989-09-30,11.5,,,21.2,,
1989-10-31,8.6,,,21.2,,
1989-11-30,7.4,,,21.2,,
1989-12-31,6.6,,,18.3,,
1990-01-31,4.3,,,18.3,-21.1,
1990-02-28,4.4,,,18.3,5,
1990-03-31,3.4,,,18.3,0.8,
1990-04-30,3.2,,,18.3,1.7,
1990-05-31,2.7,,,18.3,3.3,
1990-06-30,1.1,,,18.3,5,
1990-07-31,1.1,,,18.3,2.5,
1990-08-31,2.5,,,18.3,4.2,
1990-09-30,2.9,,,18.3,6.7,
1990-10-31,3.1,,,18.3,10.9,
1990-11-30,3.7,,,18.3,12.6,
1990-12-31,4.3,,,28,12.6,
1991-01-31,2.2,,,28,23.5,
1991-02-28,1,,,28,9.2,
1991-03-31,1.6,,,28,10.9,
1991-04-30,1.3,,,28,10.9,
1991-05-31,3.6,,,28,10.9,
1991-06-30,4.4,,,28,9.2,
1991-07-31,4.7,,,28,10.9,
1991-08-31,4.9,,,28,11.8,
1991-09-30,4.5,,,28,12.6,
1991-10-31,4.8,,,28,11.8,
1991-11-30,4.4,,,28,7.6,
1991-12-31,4.5,,,26.5,5,
1992-01-31,5.5,,4.533333333333333,26.5,10.9,
1992-02-29,5.3,,4.533333333333333,26.5,18.5,
1992-03-31,5.3,13.6,4.533333333333333,26.5,16.8,
1992-04-30,7.1,,4.7,26.5,15.1,
1992-05-31,4.7,,4.7,26.5,14.3,
1992-06-30,4.8,14.1,4.7,26.5,16.8,
1992-07-31,5.2,,4.866666666666667,26.5,19.3,
1992-08-31,5.8,,4.866666666666667,26.5,17.6,
1992-09-30,7.5,14.6,4.866666666666667,26.5,17.6,
1992-10-31,7.9,,4.866666666666667,26.5,18.5,
1992-11-30,8.2,,4.866666666666667,26.5,21.8,
1992-12-31,8.8,14.6,4.866666666666667,31.3,26.9,
1993-01-31,10.3,,5.1,31.3,8.4,
1993-02-28,10.5,,5.1,31.3,27.7,
1993-03-31,12.2,15.3,5.1,31.3,21.8,
1993-04-30,12.6,,4.5,31.3,21,
1993-05-31,14,,4.5,31.3,22.7,
1993-06-30,15.1,13.5,4.5,31.3,25.2,
1993-07-31,16.2,,4.333333333333333,31.3,21,
1993-08-31,16,,4.333333333333333,31.3,19.3,
1993-09-30,15.7,13,4.333333333333333,31.3,16,
1993-10-31,15.9,,4.733333333333333,31.3,13.4,
1993-11-30,16.7,,4.733333333333333,31.3,16,
1993-12-31,18.8,14.2,4.733333333333333,37.3,25.2,
1994-01-31,21.1,,4.733333333333333,37.3,27.7,
1994-02-28,23.2,,4.733333333333333,37.3,3.4,
1994-03-31,22.4,14.2,4.733333333333333,37.3,16,
1994-04-30,21.7,,4.466666666666667,37.3,16.8,
1994-05-31,21.3,,4.466666666666667,37.3,17.6,
1994-06-30,22.6,13.4,4.466666666666667,37.3,15.1,
1994-07-31,24,,4.366666666666667,37.3,15.1,
1994-08-31,25.8,,4.366666666666667,37.3,29.4,
1994-09-30,27.3,13.1,4.366666666666667,37.3,21.8,
1994-10-31,27.7,,4.033333333333333,37.3,24.4,
1994-11-30,27.5,,4.033333333333333,37.3,23.5,
1994-12-31,25.5,12.1,4.033333333333333,34.5,18.5,
1995-01-31,24.1,,4,34.5,11.4,49.23
1995-02-28,22.4,,4,34.5,15.5,38.42
1995-03-31,21.3,12,4,34.5,16.4,34.23
1995-04-30,20.7,,3.666666666666667,34.5,15.4,21.3
1995-05-31,20.3,,3.666666666666667,34.5,13.1,28.6
1995-06-30,18.2,11,3.666666666666667,34.5,13.9,20.05
1995-07-31,16.7,,3.5,34.5,13.6,17.19
1995-08-31,14.5,,3.5,34.5,11.8,19.11
1995-09-30,13.2,10.5,3.5,34.5,11.4,20.4
1995-10-31,12.1,,3.6,34.5,12.9,17.62
1995-11-30,11.2,,3.6,34.5,12.1,5.46
1995-12-31,10.1,10.8,3.6,29.5,14.9,0
1996-01-31,9,,3.666666666666667,25.9,16.9,22.95
1996-02-29,9.3,,3.666666666666667,27.2,12.2,4.69
1996-03-31,9.8,11,3.666666666666667,28.3,12.2,-6.84
1996-04-30,9.7,,3.133333333333333,28.5,13.7,0.22
1996-05-31,8.9,,3.133333333333333,28.4,13.1,-0.66
1996-06-30,8.6,9.4,3.133333333333333,28.2,13.8,-7.27
1996-07-31,8.3,,3.1,27,12.2,1.4
1996-08-31,8.1,,3.1,27.5,10.6,4.77
1996-09-30,7.4,9.3,3.1,27.8,13.7,-0.08
1996-10-31,7,,3.433333333333333,26.4,13.3,13.77
1996-11-30,6.9,,3.433333333333333,25.1,13.4,4.2
1996-12-31,7,10.3,3.433333333333333,25.3,14,7.38
1997-01-31,5.9,,3.4,24.8,10.3,12.3
1997-02-28,5.6,,3.4,21.7,10.4,4.7
1997-03-31,4,10.2,3.4,21.1,13.5,16.7
1997-04-30,3.2,,3.366666666666667,20.6,11.9,16.6
1997-05-31,2.8,,3.366666666666667,19.1,11.9,10.7
1997-06-30,2.8,10.1,3.366666666666667,19.1,12.1,14.7
1997-07-31,2.7,,2.9,18.1,8.4,19.7
1997-08-31,1.9,,2.9,17.2,10.9,7.2
1997-09-30,1.8,8.7,2.9,17.1,11.1,18.3
1997-10-31,1.5,,2.866666666666667,16.4,11.8,15.6
1997-11-30,1.1,,2.866666666666667,16.1,11.6,14.3
1997-12-31,0.4,8.6,2.866666666666667,17.3,9.2,-0.2
1998-01-31,0.3,,2.433333333333333,17.4,1.8,-1.4
1998-02-28,-0.1,,2.433333333333333,16.7,9.5,20.3
1998-03-31,0.7,7.3,2.433333333333333,15.4,9,7.9
1998-04-30,-0.3,,2.333333333333333,14.6,7.2,6.3
1998-05-31,-1,,2.333333333333333,15.5,8,-2
1998-06-30,-1.3,7,2.333333333333333,14.6,7.9,3.3
1998-07-31,-1.4,,2.633333333333333,15.5,7.6,-1
1998-08-31,-1.4,,2.633333333333333,15,7.9,-2.4
1998-09-30,-1.5,7.9,2.633333333333333,16,10.2,-4
1998-10-31,-1.1,,3.066666666666667,16.3,10.6,-13.9
1998-11-30,-1.2,,3.066666666666667,16.7,11,-4.7
1998-12-31,-1,9.2,3.066666666666667,15.3,11.5,-1.6
1999-01-31,-1.2,,3,14.4,17.9,-1
1999-02-28,-1.3,,3,18,2.1,-7.7
1999-03-31,-1.8,9,3,17.8,9,7.3
1999-04-30,-2.2,,2.633333333333333,17.9,9.1,3.6
1999-05-31,-2.2,,2.633333333333333,17.2,8.9,11.6
1999-06-30,-2.1,7.9,2.633333333333333,17.7,9.1,8.8
1999-07-31,-1.4,,2.566666666666667,15.7,9.3,11.3
1999-08-31,-1.3,,2.566666666666667,16,9.5,20.3
1999-09-30,-0.8,7.7,2.566666666666667,15.3,8.2,25.5
1999-10-31,-0.6,,2.266666666666667,14.5,7,21.3
1999-11-30,-0.9,,2.266666666666667,14,7.6,32.4
1999-12-31,-1,6.8,2.266666666666667,14.7,7.4,0.6
2000-01-31,-0.2,,2.933333333333333,14.33,8.9,50.7
2000-02-29,0.7,,2.933333333333333,13.51,12,43.2
2000-03-31,-0.2,8.8,2.933333333333333,13.38,11.9,30
2000-04-30,-0.3,,3.066666666666667,14.46,11.4,35.9
2000-05-31,0.1,,3.066666666666667,14.01,11.5,27.1
2000-06-30,0.5,9.2,3.066666666666667,14.39,12.2,42.5
2000-07-31,0.5,,2.966666666666667,15.55,12.8,31.2
2000-08-31,0.3,,2.966666666666667,14.82,12.8,38.9
2000-09-30,0,8.9,2.966666666666667,15.27,12,29.1
2000-10-31,0,,2.533333333333333,14.2,11.4,30.3
2000-11-30,1.3,,2.533333333333333,15.15,10.6,20.4
2000-12-31,1.5,7.6,2.533333333333333,13.99,10.4,15.2
2001-01-31,1.2,,3.166666666666667,15.16,2.3,0.9
2001-02-28,0,,3.166666666666667,15.2,19,31.9
2001-03-31,0.8,9.5,3.166666666666667,14.83,12.1,15.3
2001-04-30,1.6,,2.866666666666667,13.94,11.5,14.9
2001-05-31,1.7,,2.866666666666667,14.48,10.2,6.9
2001-06-30,1.4,8.6,2.866666666666667,14.3,10.1,2
2001-07-31,1.5,,2.666666666666667,13.5,8.1,6.8
2001-08-31,1,,2.666666666666667,13.6,8.1,3.6
2001-09-30,-0.1,8,2.666666666666667,13.6,9.5,4.9
2001-10-31,0.2,,2.5,12.9,8.8,-0.1
2001-11-30,-0.3,,2.5,13.2,7.9,2.4
2001-12-31,-0.3,7.5,2.5,14.4,8.7,8.1
2002-01-31,-1,,3,13.1,18.6,25.7
2002-02-28,0,,3,13,2.7,-5.8
2002-03-31,-0.8,9,3,14.4,10.9,5.8
2002-04-30,-1.3,,2.966666666666667,14.1,12.1,17.5
2002-05-31,-1.1,,2.966666666666667,14,12.9,18.8
2002-06-30,-0.8,8.9,2.966666666666667,14.7,12.4,13.3
2002-07-31,-0.9,,3.233333333333333,14.4,12.8,28.4
2002-08-31,-0.7,,3.233333333333333,15.5,12.7,24
2002-09-30,-0.7,9.7,3.233333333333333,16.5,13.8,34.7
2002-10-31,-0.8,,3.066666666666667,17,14.2,32.3
2002-11-30,-0.7,,3.066666666666667,16.6,14.5,33.7
2002-12-31,-0.4,9.2,3.066666666666667,16.78,14.9,29.28
2003-01-31,0.4,,3.733333333333333,19.3,14.8,49.5
2003-02-28,0.2,,3.733333333333333,18.1,19.8,37.6
2003-03-31,0.9,11.2,3.733333333333333,18.54,16.9,39.7
2003-04-30,1,,3.066666666666667,19.2,14.9,33.8
2003-05-31,0.7,,3.066666666666667,20.2,13.7,39
2003-06-30,0.3,9.2,3.066666666666667,20.83,16.9,36.1
2003-07-31,0.5,,3.366666666666667,20.7,16.5,32.8
2003-08-31,0.9,,3.366666666666667,21.55,17.1,27.2
2003-09-30,1.1,10.1,3.366666666666667,20.67,16.3,35.5
2003-10-31,1.8,,3.366666666666667,20.97,17.2,38.1
2003-11-30,3,,3.366666666666667,20.37,17.9,31.3
2003-12-31,3.2,10.1,3.366666666666667,19.6,18.1,49.1
2004-01-31,3.2,,3.533333333333333,18.1,7.2,17.5
2004-02-29,2.1,,3.533333333333333,19.4,23.2,57.9
2004-03-31,3,10.6,3.533333333333333,19.1,19.4,42.8
2004-04-30,3.8,,3.866666666666667,19.1,19.1,37.6
2004-05-31,4.4,,3.866666666666667,17.5,17.5,34.1
2004-06-30,5,11.6,3.866666666666667,16.2,16.2,48.4
2004-07-31,5.3,,3.266666666666667,15.3,15.5,34
2004-08-31,5.3,,3.266666666666667,13.63,15.9,36.6
2004-09-30,5.2,9.8,3.266666666666667,13.94,16.1,27.6
2004-10-31,4.3,,2.933333333333333,13.45,15.7,28.8
2004-11-30,2.8,,2.933333333333333,14,14.8,42.4
2004-12-31,2.4,8.8,2.933333333333333,14.6,14.4,28.9
2005-01-31,1.9,,3.733333333333333,14.13,20.9,33
2005-02-28,3.9,,3.733333333333333,13.9,7.6,10.7
2005-03-31,2.7,11.2,3.733333333333333,14,15.1,25.7
2005-04-30,1.8,,3.7,14.1,16,23.9
2005-05-31,1.8,,3.7,14.6,16.6,22.8
2005-06-30,1.6,11.1,3.7,15.67,16.8,23
2005-07-31,1.8,,3.633333333333333,16.3,16.1,20.7
2005-08-31,1.3,,3.633333333333333,17.34,16,28.6
2005-09-30,0.9,10.9,3.633333333333333,17.92,16.5,24.7
2005-10-31,1.2,,4.133333333333333,17.99,16.1,26.8
2005-11-30,1.3,,4.133333333333333,18.3,16.6,19.7
2005-12-31,1.6,12.4,4.133333333333333,17.57,16.5,20
2006-01-31,1.9,,4.133333333333333,19.21,12.6,26.8
2006-02-28,0.9,,4.133333333333333,18.8,20.1,25.7
2006-03-31,0.8,12.4,4.133333333333333,18.8,17.8,24.9
2006-04-30,1.2,,4.533333333333333,18.9,16.6,19.8
2006-05-31,1.4,,4.533333333333333,19.1,17.9,23.6
2006-06-30,1.5,13.6,4.533333333333333,18.43,19.5,21.3
2006-07-31,1,,4.066666666666667,18.4,16.7,21.3
2006-08-31,1.3,,4.066666666666667,17.9,15.7,29
2006-09-30,1.5,12.2,4.066666666666667,16.83,16.1,26.6
2006-10-31,1.4,,4.166666666666667,17.1,14.7,22.9
2006-11-30,1.9,,4.166666666666667,16.8,14.9,26.1
2006-12-31,2.8,12.5,4.166666666666667,16.94,14.7,19.6
2007-01-31,2.2,,4.533333333333333,15.93,24.71,30.57
2007-02-28,2.7,,4.533333333333333,17.8,12.6,32.81
2007-03-31,3.3,13.6,4.533333333333333,17.3,17.6,10.6
2007-04-30,3,,4.966666666666667,17.1,17.4,24.27
2007-05-31,3.4,,4.966666666666667,16.74,18.1,24.39
2007-06-30,4.4,14.9,4.966666666666667,17.06,19.4,21.43
2007-07-31,5.6,,4.733333333333333,18.5,18,30.9
2007-08-31,6.5,,4.733333333333333,18.1,17.5,21.45
2007-09-30,6.2,14.2,4.733333333333333,18.45,18.9,19.43
2007-10-31,6.5,,4.633333333333333,18.47,17.9,23.53
2007-11-30,6.9,,4.633333333333333,18.45,17.3,23.71
2007-12-31,6.5,13.9,4.633333333333333,16.72,17.4,23.29
2008-01-31,7.1,,3.866666666666667,18.94,15.4,27.15
2008-02-29,8.7,,3.866666666666667,17.48,15.4,18.51
2008-03-31,8.3,11.6,3.866666666666667,16.29,17.8,27.83
2008-04-30,8.5,,3.666666666666667,16.94,15.7,24.2
2008-05-31,7.7,,3.666666666666667,18.07,16,33.65
2008-06-30,7.1,11,3.666666666666667,17.37,16,23.3
2008-07-31,6.3,,3.166666666666667,16.35,14.7,29.85
2008-08-31,4.9,,3.166666666666667,16,12.8,22.13
2008-09-30,4.6,9.5,3.166666666666667,15.29,11.4,21.4
2008-10-31,4,,2.366666666666667,15.02,8.2,17.52
2008-11-30,2.4,,2.366666666666667,14.8,5.4,-9.17
2008-12-31,1.2,7.1,2.366666666666667,17.82,5.7,-11.17
2009-01-31,1,,2.133333333333333,18.79,-2.93,-29.08
2009-02-28,-1.6,,2.133333333333333,20.48,11,-24.97
2009-03-31,-1.2,6.4,2.133333333333333,25.51,8.3,-20.89
2009-04-30,-1.5,,2.733333333333333,25.889999999999997,7.3,-22.81
2009-05-31,-1.4,,2.733333333333333,25.74,8.9,-25.79
2009-06-30,-1.7,8.2,2.733333333333333,28.46,10.7,-17.49
2009-07-31,-1.8,,3.533333333333333,28.42,10.8,-19.22
2009-08-31,-1.2,,3.533333333333333,28.529999999999998,12.3,-20.5
2009-09-30,-0.8,10.6,3.533333333333333,29.310000000000002,13.9,-10.05
2009-10-31,-0.5,,3.966666666666667,29.42,16.1,-10.75
2009-11-30,0.6,,3.966666666666667,29.74,19.2,9.87
2009-12-31,1.9,11.9,3.966666666666667,27.68,18.5,32.76
2010-01-31,1.5,,4.066666666666667,25.98,29.2,44.53
2010-02-28,2.7,,4.066666666666667,25.52,12.8,45.36
2010-03-31,2.4,12.2,4.066666666666667,22.5,18.1,42.86
2010-04-30,2.8,,3.566666666666667,21.48,17.8,39.43
2010-05-31,3.1,,3.566666666666667,21,16.5,48.37
2010-06-30,2.9,10.7,3.566666666666667,18.46,13.7,39.09
2010-07-31,3.3,,3.3,17.6,13.4,30.81
2010-08-31,3.5,,3.3,19.2,13.9,34.81
2010-09-30,3.6,9.9,3.3,18.96,13.3,24.75
2010-10-31,4.4,,3.3,19.3,13.1,24.07
2010-11-30,5.1,,3.3,19.5,13.3,36.44
2010-12-31,4.6,9.9,3.3,19.72,13.5,21.6
2011-01-31,4.9,,3.366666666666667,17.2,13.3,44.19
2011-02-28,4.944,,3.366666666666667,15.7,14.9,10.82
2011-03-31,5.383,10.1,3.366666666666667,16.6,14.8,31.5
2011-04-30,5.344,,3.3,15.3,13.4,25.88
2011-05-31,5.515,,3.3,15.1,13.3,23.5
2011-06-30,6.355,9.9,3.3,15.9,15.1,18.51
2011-07-31,6.451,,3.1,14.7,14,22.05
2011-08-31,6.151,,3.1,13.5,13.5,27.02
2011-09-30,6.067,9.3,3.1,13,13.8,18.77
2011-10-31,5.495,,2.9,12.9,13.2,21.44
2011-11-30,4.225,,2.9,12.7,12.4,17.53
2011-12-31,4.07,8.7,2.9,13.6,12.8,12.58
2012-01-31,4.5,,2.7,12.4,2.8,-7.75
2012-02-29,3.2,,2.7,13,21.3,29.61
2012-03-31,3.6,8.1,2.7,13.4,11.9,7.07
2012-04-30,3.4,,2.566666666666667,12.8,9.3,2.58
2012-05-31,3,,2.566666666666667,13.2,9.6,14.18
2012-06-30,2.2,7.7,2.566666666666667,13.6,9.5,8.76
2012-07-31,1.8,,2.5,13.9,9.2,2.61
2012-08-31,2,,2.5,13.5,8.9,0.21
2012-09-30,1.9,7.5,2.5,14.8,9.2,6.22
2012-10-31,1.7,,2.7,14.1,9.6,7.19
2012-11-30,2,,2.7,13.9,10.1,1.52
2012-12-31,2.5,8.1,2.7,13.8,10.3,10.35
2013-01-31,2.0305,,2.633333333333333,15.9,17.7,27.05
2013-02-28,3.2198,,2.633333333333333,15.2,2.2,1.11
2013-03-31,2.0696,7.9,2.633333333333333,15.7,8.9,12.01
2013-04-30,2.3861,,2.533333333333333,16.1,9.3,15.53
2013-05-31,2.0981,,2.533333333333333,15.8,9.2,0.24
2013-06-30,2.6684,7.6,2.533333333333333,14,8.9,-2.08
2013-07-31,2.6741,,2.633333333333333,14.5,9.7,7.77
2013-08-31,2.5666,,2.633333333333333,14.7,10.4,7.15
2013-09-30,3.0519,7.9,2.633333333333333,14.2,10.2,3.22
2013-10-31,3.2058,,2.566666666666667,14.3,10.3,6.46
2013-11-30,3.018,,2.566666666666667,14.2,10,9.2
2013-12-31,2.4987,7.7,2.566666666666667,13.6,9.7,6.06
2014-01-31,2.4861,,2.533333333333333,13.2,8.5,10.26
2014-02-28,1.9511,,2.533333333333333,13.3,8.8,-4.95
2014-03-31,2.3848,7.6,2.533333333333333,12.1,8.8,-9.06
2014-04-30,1.8014,,2.566666666666667,13.2,8.7,0.77
2014-05-31,2.4773,,2.566666666666667,13.4,8.8,2.97
2014-06-30,2.3361,7.7,2.566666666666667,14.7,9.2,6.36
2014-07-31,2.2852,,2.433333333333333,13.5,9,6.8
2014-08-31,1.9909,,2.433333333333333,12.8,6.9,3.95
2014-09-30,1.6275,7.3,2.433333333333333,12.9,8,11.25
2014-10-31,1.6011,,2.466666666666667,12.6,7.7,8.33
2014-11-30,1.4393,,2.466666666666667,12.3,7.2,-0.55
2014-12-31,1.5056,7.4,2.466666666666667,12.2,7.9,3.96
2015-01-31,0.7638,,2.366666666666667,10.8,9.6,-10.89
2015-02-28,1.4311,,2.366666666666667,12.5,3.6,10.67
2015-03-31,1.3758,7.1,2.366666666666667,11.6,5.6,-13.87
2015-04-30,1.5091,,2.366666666666667,10.1,5.9,-11.06
2015-05-31,1.2308,,2.366666666666667,10.8,6.1,-9.72
2015-06-30,1.3909,7.1,2.366666666666667,11.8,6.8,-2.26
2015-07-31,1.6473,,2.333333333333333,13.3,6,-8.91
2015-08-31,1.9554,,2.333333333333333,13.3,6.1,-9.31
2015-09-30,1.5956,7,2.333333333333333,13.1,5.7,-11.54
2015-10-31,1.2674,,2.3,13.5,5.6,-12.17
2015-11-30,1.4856,,2.3,13.7,6.2,-7.91
2015-12-31,1.6,6.9,2.3,13.3,5.9,-4.52
2016-01-31,1.8,,2.266666666666667,14,5.865724,-17.18
2016-02-29,2.3,,2.266666666666667,13.3,4.906937,-22.41
2016-03-31,2.301391,6.8,2.266666666666667,13.4,6.8,-0.23
2016-04-30,2.327865,,2.233333333333333,12.8,6,-7.87
2016-05-31,2.038999,,2.233333333333333,11.8,6,-4.33
2016-06-30,1.879503,6.7,2.233333333333333,11.8,6.2,-7.79
2016-07-31,1.765113,,2.233333333333333,10.2,6,-9.14
2016-08-31,1.339773,,2.233333333333333,11.4,6.3,-1.52
2016-09-30,1.920226,6.7,2.233333333333333,11.5,6.1,-6.79
2016-10-31,2.095947,,2.266666666666667,11.6,6.1,-5.44
2016-11-30,2.252258,,2.266666666666667,11.4,6.2,1.42
2016-12-31,2.076545,6.8,2.266666666666667,11.3,6,-2.09
2017-01-31,2.549055,,2.333333333333333,10.7,2.93725,10.61
2017-02-28,0.8,,2.333333333333333,10.4,10.322581,15.5
2017-03-31,0.9,7,2.333333333333333,10.1,7.6,17.7
2017-04-30,1.2,,2.333333333333333,9.8,6.5,8.69
2017-05-31,1.5,,2.333333333333333,9.1,6.5,10.33
2017-06-30,1.5,7,2.333333333333333,9.1,7.6,13.13
2017-07-31,1.4,,2.3,8.9,6.4,8.44
2017-08-31,1.8,,2.3,8.6,6,8.69
2017-09-30,1.6,6.9,2.3,9,6.6,12.88
2017-10-31,1.9,,2.266666666666667,8.9,6.2,10.93
2017-11-30,1.7,,2.266666666666667,9.1,6.1,14.3
2017-12-31,1.8,6.8,2.266666666666667,8.1,6.2,8.09
2018-01-31,1.5,,2.3,8.6,15.434501,22.04
2018-02-28,2.9,,2.3,8.8,-2.119883,24.24
2018-03-31,2.1,6.9,2.3,8.2,6,5.3
2018-04-30,1.8,,2.3,8.3,7,16.5
2018-05-31,1.8,,2.3,8.3,6.8,18.19
2018-06-30,1.9,6.9,2.3,8,6,12.06
2018-07-31,2.1,,2.233333333333333,8.5,6,18.25
2018-08-31,2.3,,2.233333333333333,8.2,6.1,14.48
2018-09-30,2.5,6.7,2.233333333333333,8.3,5.8,14.12
2018-10-31,2.5,,2.166666666666667,8,5.9,17.01
2018-11-30,2.2,,2.166666666666667,8,5.4,3.43
2018-12-31,1.9,6.5,2.166666666666667,8.1,5.7,-5.94
2019-01-31,1.7,,2.133333333333333,8.4,6.797753,4.48
2019-02-28,1.5,,2.133333333333333,8,3.360717,-13.34
2019-03-31,2.3,6.4,2.133333333333333,8.6,8.5,3.25
2019-04-30,2.5,,2.033333333333333,8.5,5.4,0.67
2019-05-31,2.7,,2.033333333333333,8.5,5,-3.27
2019-06-30,2.7,6.1,2.033333333333333,8.5,6.3,-3.84
2019-07-31,2.8,,2,8.1,4.8,-0.45
2019-08-31,2.8,,2,8.2,4.4,-3.08
2019-09-30,3,6,2,8.4,5.8,-5.51
2019-10-31,3.8,,1.966666666666667,8.4,4.7,-3.25
2019-11-30,4.5,,1.966666666666667,8.2,6.2,-0.25
2019-12-31,4.5,5.9,1.966666666666667,8.7,6.9,11.72
2020-01-31,5.4,,-2.266666666666667,8.4,-4.313519,-7.34
2020-02-29,5.2,,-2.266666666666667,8.8,-25.867052,-16.79
2020-03-31,4.3,-6.8,-2.266666666666667,10.1,-1.1,-4.36
2020-04-30,3.3,,1.066666666666667,11.1,3.9,-5.37
2020-05-31,2.4,,1.066666666666667,11.1,4.4,-9.17
2020-06-30,2.5,3.2,1.066666666666667,11.1,4.8,1.53
2020-07-31,2.7,,1.633333333333333,10.7,4.8,3.46
2020-08-31,2.4,,1.633333333333333,10.4,5.6,4.21
2020-09-30,1.7,4.9,1.633333333333333,10.9,6.9,11.21
2020-10-31,0.5,,2.166666666666667,10.5,6.9,8.21
2020-11-30,-0.5,,2.166666666666667,10.7,7,13.28
2020-12-31,0.2,6.5,2.166666666666667,10.1,7.3,13.38
2021-01-31,-0.3,,6.3,9.4,25.398571,26.28
2021-02-28,-0.2,,6.3,10.1,52.339181,67.79
2021-03-31,0.4,18.9,6.3,9.4,14.1,34.47
2021-04-30,0.9,,2.7,8.1,9.8,37.19
2021-05-31,1.3,,2.7,8.3,8.8,37.69
2021-06-30,1.1,8.1,2.7,8.6,8.3,34.16
2021-07-31,1,,1.833333333333333,8.3,6.4,22.82
2021-08-31,0.8,,1.833333333333333,8.2,5.3,28.24
2021-09-30,0.7,5.5,1.833333333333333,8.3,3.1,22.63
2021-10-31,1.5,,1.5,8.7,3.5,23.77
2021-11-30,2.3,,1.5,8.5,3.8,25.61
2021-12-31,1.5,4.5,1.5,9,4.3,20.21
2022-01-31,0.9,,1.6,9.8,3.857957,21.9
2022-02-28,0.9,,1.6,9.2,12.795905,7.93
2022-03-31,1.5,4.8,1.6,9.7,5,7.1
2022-04-30,2.1,,0.266666666666667,10.5,-2.9,1.22
2022-05-31,2.1,,0.266666666666667,11.1,0.7,9.94
2022-06-30,2.5,0.8,0.266666666666667,11.4,3.9,8.28
2022-07-31,2.7,,1.333333333333333,12,3.8,9.65
2022-08-31,2.5,,1.333333333333333,12.2,4.2,3.01
2022-09-30,2.8,4,1.333333333333333,12.1,6.3,2.3
2022-10-31,2.1,,1,11.8,5,-1.62
2022-11-30,1.6,,1,12.4,2.2,-10.71
2022-12-31,1.8,3,1,11.8,1.3,-10.46
2023-01-31,2.1,,1.566666666666667,12.6,-9.793162,-15.917877
2023-02-28,1,,1.566666666666667,12.9,18.774816,0.457592
2023-03-31,0.7,4.7,1.566666666666667,12.7,3.9,4.958778
2023-04-30,0.1,,2.166666666666667,12.4,5.6,-0.108413
2023-05-31,0.2,,2.166666666666667,11.6,3.5,-6.583021
2023-06-30,0,6.5,2.166666666666667,11.3,4.4,-10.173674
2023-07-31,-0.3,,1.666666666666667,10.7,3.7,-13.387415
2023-08-31,0.1,,1.666666666666667,10.6,4.5,-7.966302
2023-09-30,0,5,1.666666666666667,10.3,4.5,-6.593305
2023-10-31,-0.2,,1.766666666666667,10.3,4.6,-2.568642
2023-11-30,-0.5,,1.766666666666667,10,6.6,0.144729
2023-12-31,-0.3,5.3,1.766666666666667,9.7,6.8,1.339957
2024-01-31,-0.8,,1.766666666666667,8.7,26.3,10.86
2024-02-29,0.7,,1.766666666666667,8.7,-12.7,-0.72
2024-03-31,0.1,5.3,1.766666666666667,8.3,4.5,-5.33
2024-04-30,0.3,,1.566666666666667,7.2,6.7,4.16
2024-05-31,0.3,,1.566666666666667,7,5.6,5.06
2024-06-30,0.2,4.7,1.566666666666667,6.2,5.3,3.67
2024-07-31,0.5,,1.533333333333333,6.3,5.1,6.8
2024-08-31,0.6,,1.533333333333333,6.3,4.5,4.89
2024-09-30,0.4,4.6,1.533333333333333,6.8,5.4,1.39
2024-10-31,0.3,,1.8,7.5,5.3,5.98
2024-11-30,0.2,,1.8,7.1,5.4,1.98
2024-12-31,0.1,5.4,1.8,7.3,6.2,6.45
2025-01-31,0.5,,1.8,7,-11.11,-3.4
2025-02-28,-0.7,,1.8,7,31.02,-1
2025-03-31,-0.1,5.4,1.8,7,7.7,4.9
2025-04-30,-0.1,,1.733333333333333,8,6.1,4.4
2025-05-31,-0.1,,1.733333333333333,7.9,5.8,1.3
2025-06-30,0.1,5.2,1.733333333333333,8.3,6.8,3.9
2025-07-31,0,,1.6,8.8,5.7,5.8
2025-08-31,-0.4,,1.6,8.8,5.2,3.1
2025-09-30,-0.3,4.8,1.6,8.4,6.5,7.9
2025-10-31,0.2,,,8.2,4.9,-0.3
数据来源：Wind
